Search Term,Year,Author,Title,"Usable? If no, why?",Keystone/Dominant/Other,Sample Date,Location,Evidence,species,Unit to measure abundance,p1,p2,Target of Effect,TargetUnit,t1,t2,cir,cirreversal,ciap_rough__all,ciap_precise__all,ci,ciap,Data Source,Mechanism of Effect,Factor Type: Org/Env/Eco,Proximate Factor,Intermediate Factor,Ultimate Factor,ecosystem type,Ecosystem Size,Size Units,NOTES,Link,Re-checked data,Re-calculate  CI
Keystone Species,2020,Lopez-Lozano et al.,Bacterial Diversity and Interaction Networks of Agave iechuguilla Rhizosphere differ Significantly from Bulk Soil in the Oligotrophic Basin of Cuatro Cienegas,Yes,Keystone,2016,Cuatro Cienegas Basin,Comparative study,Agave lechuguilla,"presence of individual, yes or no (rhizosphere v bulk soil)",10,1,P solubilization guild,% relative abundance,0.5,1.5,,,-0.1111111111,-0.1220680321,-0.1220680321,-0.1220680321,Web Plot Digitizer,,Env,seasoality,,Density,desert  ,N/A,N/A,no direct ecosystem size but it is located in   four sites within the CCB ussing a  8 m × 8 m sampling unit --> ask matt if there is a way to dettermin this from data given or if it would be worth reaching of t the PI of this paper,https://pmc.ncbi.nlm.nih.gov/articles/PMC7378863/,TRUE,TRUE
Keystone Species,2020,Lopez-Lozano et al.,Bacterial Diversity and Interaction Networks of Agave iechuguilla Rhizosphere differ Significantly from Bulk Soil in the Oligotrophic Basin of Cuatro Cienegas,Yes,Keystone,2016,Cuatro Cienegas Basin,Comparative study,Agave lechuguilla,"presence of individual, yes or no (rhizosphere v bulk soil)",10,1,Denitrification,% relative abundance,5.2,6.1,,,-0.01769911504,-0.01773668284,-0.01773668284,-0.01773668284,Web Plot Digitizer,,Env,seasoality,,Density,desert  ,N/A,N/A,,https://pmc.ncbi.nlm.nih.gov/articles/PMC7378863/,TRUE,TRUE
Keystone Species,2020,Lopez-Lozano et al.,Bacterial Diversity and Interaction Networks of Agave iechuguilla Rhizosphere differ Significantly from Bulk Soil in the Oligotrophic Basin of Cuatro Cienegas,Yes,Keystone,2016,Cuatro Cienegas Basin,Comparative study,Agave lechuguilla,"presence of individual, yes or no (rhizosphere v bulk soil)",10,1,Nitrate reduction,% relative abundance,26.3,28,,,-0.006957233477,-0.006959507888,-0.006959507888,-0.006959507888,Web Plot Digitizer,,Env,seasoality,,Density,desert  ,N/A,N/A,,https://pmc.ncbi.nlm.nih.gov/articles/PMC7378863/,TRUE,TRUE
Keystone Species,2020,Lopez-Lozano et al.,Bacterial Diversity and Interaction Networks of Agave iechuguilla Rhizosphere differ Significantly from Bulk Soil in the Oligotrophic Basin of Cuatro Cienegas,Yes,Keystone,2016,Cuatro Cienegas Basin,Comparative study,Agave lechuguilla,"presence of individual, yes or no (rhizosphere v bulk soil)",10,1,Ammonia oxidation,% relative abundance,1.7,1.6,,,0.006734006734,0.006736069091,0.006736069091,0.006736069091,Web Plot Digitizer,,Env,seasoality,,Density,desert  ,N/A,N/A,,https://pmc.ncbi.nlm.nih.gov/articles/PMC7378863/,TRUE,TRUE
Keystone Species,2020,Lopez-Lozano et al.,Bacterial Diversity and Interaction Networks of Agave iechuguilla Rhizosphere differ Significantly from Bulk Soil in the Oligotrophic Basin of Cuatro Cienegas,Yes,Keystone,2016,Cuatro Cienegas Basin,Comparative study,Agave lechuguilla,"presence of individual, yes or no (rhizosphere v bulk soil)",10,1,N fixation,% relative abundance,11.2,9,,,0.02420242024,0.02429880011,0.02429880011,0.02429880011,Web Plot Digitizer,,Env,seasoality,,Density,desert  ,N/A,N/A,,https://pmc.ncbi.nlm.nih.gov/articles/PMC7378863/,TRUE,TRUE
Keystone Species,2020,Lopez-Lozano et al.,Bacterial Diversity and Interaction Networks of Agave iechuguilla Rhizosphere differ Significantly from Bulk Soil in the Oligotrophic Basin of Cuatro Cienegas,Yes,Keystone,2016,Cuatro Cienegas Basin,Comparative study,Agave lechuguilla,"presence of individual, yes or no (rhizosphere v bulk soil)",10,1,C fixation,% relative abundance,13.8,12.9,,,0.007490636704,0.007493475644,0.007493475644,0.007493475644,Web Plot Digitizer,,Env,seasoality,,Density,desert  ,N/A,N/A,,https://pmc.ncbi.nlm.nih.gov/articles/PMC7378863/,TRUE,TRUE
Keystone Species,2020,Lopez-Lozano et al.,Bacterial Diversity and Interaction Networks of Agave iechuguilla Rhizosphere differ Significantly from Bulk Soil in the Oligotrophic Basin of Cuatro Cienegas,Yes,Keystone,2016,Cuatro Cienegas Basin,Comparative study,Agave lechuguilla,"presence of individual, yes or no (rhizosphere v bulk soil)",10,1,Temperature stress tolerance guild,% relative abundance,14.4,20.4,,,-0.03831417625,-0.03870074381,-0.03870074381,-0.03870074381,Web Plot Digitizer,,Env,seasoality,,Density,desert  ,N/A,N/A,,https://pmc.ncbi.nlm.nih.gov/articles/PMC7378863/,TRUE,TRUE
Keystone Species,2020,Lopez-Lozano et al.,Bacterial Diversity and Interaction Networks of Agave iechuguilla Rhizosphere differ Significantly from Bulk Soil in the Oligotrophic Basin of Cuatro Cienegas,Yes,Keystone,2016,Cuatro Cienegas Basin,Comparative study,Agave lechuguilla,"presence of individual, yes or no (rhizosphere v bulk soil)",10,1,Salt stress tolerance guild,% relative abundance,27.8,34.4,,,-0.02357984995,-0.0236689493,-0.0236689493,-0.0236689493,Web Plot Digitizer,,Env,seasoality,,Density,desert  ,N/A,N/A,,https://pmc.ncbi.nlm.nih.gov/articles/PMC7378863/,TRUE,TRUE
Keystone Species,2020,Lopez-Lozano et al.,Bacterial Diversity and Interaction Networks of Agave iechuguilla Rhizosphere differ Significantly from Bulk Soil in the Oligotrophic Basin of Cuatro Cienegas,Yes,Keystone,2016,Cuatro Cienegas Basin,Comparative study,Agave lechuguilla,"presence of individual, yes or no (rhizosphere v bulk soil)",10,1,Dessication stress tolerance guild,% relative abundance,13.6,17,,,-0.02469135802,-0.02479372792,-0.02479372792,-0.02479372792,Web Plot Digitizer,,Env,seasoality,,Density,desert  ,N/A,N/A,,https://pmc.ncbi.nlm.nih.gov/articles/PMC7378863/,TRUE,TRUE
Keystone Species,2020,Lopez-Lozano et al.,Bacterial Diversity and Interaction Networks of Agave iechuguilla Rhizosphere differ Significantly from Bulk Soil in the Oligotrophic Basin of Cuatro Cienegas,Yes,Keystone,2016,Cuatro Cienegas Basin,Comparative study,Agave lechuguilla,"presence of individual, yes or no (rhizosphere v bulk soil)",10,1,Spore stress tolerance guild,% relative abundance,6.2,11.6,,,-0.06741573034,-0.06960620067,-0.06960620067,-0.06960620067,Web Plot Digitizer,,Env,seasoality,,Density,desert  ,N/A,N/A,,https://pmc.ncbi.nlm.nih.gov/articles/PMC7378863/,TRUE,TRUE
Keystone Species,2020,Lopez-Lozano et al.,Bacterial Diversity and Interaction Networks of Agave iechuguilla Rhizosphere differ Significantly from Bulk Soil in the Oligotrophic Basin of Cuatro Cienegas,Yes,Keystone,2016,Cuatro Cienegas Basin,Comparative study,Agave lechuguilla,"presence of individual, yes or no (rhizosphere v bulk soil)",10,1,Antibiotics,% relative abundance,4.6,6.8,,,-0.04288499025,-0.04342958985,-0.04342958985,-0.04342958985,Web Plot Digitizer,,Env,seasoality,,Density,desert  ,N/A,N/A,,https://pmc.ncbi.nlm.nih.gov/articles/PMC7378863/,TRUE,TRUE
Keystone Species,2020,Lopez-Lozano et al.,Bacterial Diversity and Interaction Networks of Agave iechuguilla Rhizosphere differ Significantly from Bulk Soil in the Oligotrophic Basin of Cuatro Cienegas,Yes,Keystone,2016,Cuatro Cienegas Basin,Comparative study,Agave lechuguilla,"presence of individual, yes or no (rhizosphere v bulk soil)",10,1,Siderophores,% relative abundance,11.3,12.3,,,-0.009416195857,-0.009421837407,-0.009421837407,-0.009421837407,Web Plot Digitizer,,Env,seasoality,,Density,desert  ,N/A,N/A,,https://pmc.ncbi.nlm.nih.gov/articles/PMC7378863/,TRUE,TRUE
Keystone Species,2020,Lopez-Lozano et al.,Bacterial Diversity and Interaction Networks of Agave iechuguilla Rhizosphere differ Significantly from Bulk Soil in the Oligotrophic Basin of Cuatro Cienegas,Yes,Keystone,2016,Cuatro Cienegas Basin,Comparative study,Agave lechuguilla,"presence of individual, yes or no (rhizosphere v bulk soil)",10,1,Exopolysaccharides,% relative abundance,7.5,5.3,,,0.03819444444,0.03857735555,0.03857735555,0.03857735555,Web Plot Digitizer,,Env,seasoality,,Density,desert  ,N/A,N/A,,https://pmc.ncbi.nlm.nih.gov/articles/PMC7378863/,TRUE,TRUE
Keystone Species,2020,Lopez-Lozano et al.,Bacterial Diversity and Interaction Networks of Agave iechuguilla Rhizosphere differ Significantly from Bulk Soil in the Oligotrophic Basin of Cuatro Cienegas,Yes,Keystone,2016,Cuatro Cienegas Basin,Comparative study,Agave lechuguilla,"presence of individual, yes or no (rhizosphere v bulk soil)",10,1,Filamentous,% relative abundance,27.7,37.3,,,-0.03282051282,-0.03306232372,-0.03306232372,-0.03306232372,Web Plot Digitizer,,Env,seasoality,,Density,desert  ,N/A,N/A,,https://pmc.ncbi.nlm.nih.gov/articles/PMC7378863/,TRUE,TRUE
Keystone Species,2020,Lopez-Lozano et al.,Bacterial Diversity and Interaction Networks of Agave iechuguilla Rhizosphere differ Significantly from Bulk Soil in the Oligotrophic Basin of Cuatro Cienegas,Yes,Keystone,2016,Cuatro Cienegas Basin,Comparative study,Agave lechuguilla,"presence of individual, yes or no (rhizosphere v bulk soil)",10,1,Nutrient storage,% relative abundance,13.4,10,,,0.03228869896,0.032518846,0.032518846,0.032518846,Web Plot Digitizer,,Env,seasoality,,Density,desert  ,N/A,N/A,,https://pmc.ncbi.nlm.nih.gov/articles/PMC7378863/,TRUE,TRUE
Alosa pseudoharengus ,2003,Emily B. Szalai,UNCERTAINTY IN THE POPULATION DYNAMICS OF ALE WIFE (ALOSA PSUEDOHARENGUS) AND BLOATER (COREGONUS HOYT) AND ITS EFFECTS ON SALMONINE STOCKING STRATEGIES IN LAKE MICHIGAN.,Yes,Keystone,1962,Lake Michigan,,Alosa pseudoharengus,density,-1.6311,5.7094,Yearling Length (yearling what?),Length in mm,136.56,183.18,,,0.03972644026,0.0400116065,0.0400116065,0.0400116065,Web Plot Digitizer,Predation,Eco,Food prefernce,,Resource Availability,Freshwater lakes,N/A,,,,TRUE,TRUE
Alosa pseudoharengus ,2008,"DAVID M. POST, et. al.",INTRASPECIFIC VARIATION IN A PREDATOR AFFECTS COMMUNITY STRUCTURE AND CASCADING TROPHIC INTERACTIONS,Yes,Keystone,2005,,Experiment,Alosa pseudoharengus,Biomass (g/m2),0.24431,1.4659,Length of Cladoceran,Length in mm,0.30622,0.26347,,,-0.1228576063,-0.1230889974,-0.1230889974,-0.1230889974,Web Plot Digitizer,Predation,Eco,Food prefernce,Predation,Interaction strength,Freshwater lakes,N/A,,,,TRUE,TRUE
Alosa pseudoharengus ,2008,"DAVID M. POST, et. al.",INTRASPECIFIC VARIATION IN A PREDATOR AFFECTS COMMUNITY STRUCTURE AND CASCADING TROPHIC INTERACTIONS,Yes,Keystone,2005,,Experiment,Alosa pseudoharengus,Biomass (g/m2),0.44846,0.23109,Length of Cladoceran,Length in mm,0.23109,0.23471,,,-0.07150550475,-0.07150694438,-0.07150694438,-0.07150694438,Web Plot Digitizer,Predation,Eco,Food prefernce,Predation,Interaction strength,Freshwater lakes,N/A,,,,TRUE,TRUE
Alosa pseudoharengus ,2008,"DAVID M. POST, et. al.",INTRASPECIFIC VARIATION IN A PREDATOR AFFECTS COMMUNITY STRUCTURE AND CASCADING TROPHIC INTERACTIONS,Yes,Keystone,2005,,Experiment,Alosa pseudoharengus,Biomass (g/m2),0.54006,2.0876,Biomass of Chadoceran,Biomass (ug/L),0.013301,5.1963,,,1.285774402,3.856354532,3.856354532,3.856354532,Web Plot Digitizer,Predation,Eco,Food prefernce,,Resource Availability,Freshwater lakes,N/A,,,,TRUE,TRUE
Alosa pseudoharengus ,2008,"DAVID M. POST, et. al.",INTRASPECIFIC VARIATION IN A PREDATOR AFFECTS COMMUNITY STRUCTURE AND CASCADING TROPHIC INTERACTIONS,Yes,Keystone,2005,,Experiment,Alosa pseudoharengus,Biomass (g/m2),0.24613,1.4675,Biomass of Chadoceran,Biomass (ug/L),13.642,9.7987,,,-0.2684827926,-0.2709281753,-0.2709281753,-0.2709281753,Web Plot Digitizer,Predation,Eco,Food prefernce,,Resource Availability,Freshwater lakes,,,,,TRUE,TRUE
Alosa pseudoharengus ,2013,"Jones, et. al.",Consumer Interaction Strength May Limit the Diversifying Effect of Intraspecific Competition: A Test in Alewife (Alosa pseudoharengus),Yes,Keystone,2009,"BrideLake,  Dodge  Pond,  and  Upper  Millpond",Experiment,Alosa pseudoharengus,density,10.3333,0,Zooplankton,Biomass,0.17922,0.81619,-0.3439485376,,,,-0.3439485376,-0.146713351,Web Plot Digitizer,Predation,Eco,Food prefernce,predation,Resource Availability,Lake,"5 m deep, 36 m long",m,,,FALSE,FALSE
Alewife,,Dougherty et. al.,"Biological monitoring of a keystone species (Alosa pseudoharengus) across its native and invasive range with three methods: direct capture, environmental DNA, and environmental effects.",Yes,Keystone,,,Experiment,Alosa pseudoharengus,Density,0,3,Mean Zooplankton Body Length,mm,0.66,0.32,,-0.3541666667,,,-0.3541666667,-0.2413062797,Web Plot Digitizer,,,,,,Freshwater lakes,,,,,FALSE,FALSE
Alewife,,Dougherty et. al.,"Biological monitoring of a keystone species (Alosa pseudoharengus) across its native and invasive range with three methods: direct capture, environmental DNA, and environmental effects.",Yes,Keystone,,,Experiment,Alosa pseudoharengus,Density,0,0.71,Mean Zooplankton Body Length,mm,0.66,0.29,,-1.79698883,,,-1.79698883,-1.158251989,Web Plot Digitizer,,,,,,Freshwater lakes,,,,,FALSE,FALSE
Alewife,,Dougherty et. al.,"Biological monitoring of a keystone species (Alosa pseudoharengus) across its native and invasive range with three methods: direct capture, environmental DNA, and environmental effects.",Yes,Keystone,,,Experiment,Alosa pseudoharengus,Density,0,0.001,Mean Zooplankton Body Length,mm,0.66,0.37,,-783.7837838,,,-783.7837838,-578.7368294,,,,,,,Freshwater lakes,,,,,FALSE,FALSE
Alewife,,Dougherty et. al.,"Biological monitoring of a keystone species (Alosa pseudoharengus) across its native and invasive range with three methods: direct capture, environmental DNA, and environmental effects.",Yes,Keystone,,,Experiment,Alosa pseudoharengus,Density,0,3.17,Mean Zooplankton Body Length,mm,0.66,0.41,,-0.1923520812,,,-0.1923520812,-0.1501838092,,,,,,,Freshwater lakes,,,,,FALSE,FALSE
Alewife,,Dougherty et. al.,"Biological monitoring of a keystone species (Alosa pseudoharengus) across its native and invasive range with three methods: direct capture, environmental DNA, and environmental effects.",Yes,Keystone,,,Experiment,Alosa pseudoharengus,Density,0,0.61,Mean Zooplankton Body Length,mm,0.66,0.28,,-2.224824356,,,-2.224824356,-1.405656118,,,,,,,Freshwater lakes,,,,,FALSE,FALSE
Alewife,,Dougherty et. al.,"Biological monitoring of a keystone species (Alosa pseudoharengus) across its native and invasive range with three methods: direct capture, environmental DNA, and environmental effects.",Yes,Keystone,,,Experiment,Alosa pseudoharengus,Density,0,0.21,Mean Zooplankton Body Length,mm,0.66,0.35,,-4.217687075,,,-4.217687075,-3.020508003,,,,,,,Freshwater lakes,,,,,FALSE,FALSE
Alewife,,Dougherty et. al.,"Biological monitoring of a keystone species (Alosa pseudoharengus) across its native and invasive range with three methods: direct capture, environmental DNA, and environmental effects.",Yes,Keystone,,,Experiment,Alosa pseudoharengus,Density,0,0.14,Mean Zooplankton Body Length,mm,0.66,0.32,,-7.589285714,,,-7.589285714,-5.170848852,,,,,,,Freshwater lakes,,,,,FALSE,FALSE
Alewife,,Dougherty et. al.,"Biological monitoring of a keystone species (Alosa pseudoharengus) across its native and invasive range with three methods: direct capture, environmental DNA, and environmental effects.",Yes,Keystone,,,Experiment,Alosa pseudoharengus,Density,0,0.045,Mean Zooplankton Body Length,mm,0.66,0.31,,-25.08960573,,,-25.08960573,-16.79261195,,,,,,,Freshwater lakes,,,,,FALSE,FALSE
Alewife,,Dougherty et. al.,"Biological monitoring of a keystone species (Alosa pseudoharengus) across its native and invasive range with three methods: direct capture, environmental DNA, and environmental effects.",Yes,Keystone,,,Experiment,Alosa pseudoharengus,Density,0,0.024,Mean Zooplankton Body Length,mm,0.66,0.35,,-36.9047619,,,-36.9047619,-26.42944502,,,,,,,Freshwater lakes,,,,,FALSE,FALSE
Alewife,,Dougherty et. al.,"Biological monitoring of a keystone species (Alosa pseudoharengus) across its native and invasive range with three methods: direct capture, environmental DNA, and environmental effects.",Yes,Keystone,,,Experiment,Alosa pseudoharengus,Density,0,0.012,Mean Zooplankton Body Length,mm,0.66,0.37,,-65.31531532,,,-65.31531532,-48.22806912,,,,,,,Freshwater lakes,,,,,FALSE,FALSE
Alewife,,Dougherty et. al.,"Biological monitoring of a keystone species (Alosa pseudoharengus) across its native and invasive range with three methods: direct capture, environmental DNA, and environmental effects.",Yes,Keystone,,,Experiment,Alosa pseudoharengus,Density,0,0.005,Mean Zooplankton Body Length,mm,0.66,0.36,,-166.6666667,,,-166.6666667,-121.2271607,,,,,,,Freshwater lakes,,,,,FALSE,FALSE
Alewife,,Dougherty et. al.,"Biological monitoring of a keystone species (Alosa pseudoharengus) across its native and invasive range with three methods: direct capture, environmental DNA, and environmental effects.",Yes,Keystone,,,Experiment,Alosa pseudoharengus,Density,0,0.089,Mean Zooplankton Body Length,mm,0.66,0.34,,-10.57501652,,,-10.57501652,-7.452744016,,,,,,,Freshwater lakes,,,,,FALSE,FALSE
Alewife,,Dougherty et. al.,"Biological monitoring of a keystone species (Alosa pseudoharengus) across its native and invasive range with three methods: direct capture, environmental DNA, and environmental effects.",Yes,Keystone,,,Experiment,Alosa pseudoharengus,Density,0,0.089,Mean Zooplankton Body Length,mm,0.66,0.31,,-12.68575571,,,-12.68575571,-8.490646489,,,,,,,Freshwater lakes,,,,,FALSE,FALSE
Alewife,,Dougherty et. al.,"Biological monitoring of a keystone species (Alosa pseudoharengus) across its native and invasive range with three methods: direct capture, environmental DNA, and environmental effects.",Yes,Keystone,,,Experiment,Alosa pseudoharengus,Density,0,0.09,Mean Zooplankton Body Length,mm,0.66,0.3,,-13.33333333,,,-13.33333333,-8.760637337,,,,,,,Freshwater lakes,,,,,FALSE,FALSE
Alewife,,Dougherty et. al.,"Biological monitoring of a keystone species (Alosa pseudoharengus) across its native and invasive range with three methods: direct capture, environmental DNA, and environmental effects.",Yes,Keystone,,,Experiment,Alosa pseudoharengus,Density,0,0.012,Mean Zooplankton Body Length,mm,0.66,0.29,,-106.3218391,,,-106.3218391,-68.52990934,,,,,,,Freshwater lakes,,,,,FALSE,FALSE
Alewife,,Dougherty et. al.,"Biological monitoring of a keystone species (Alosa pseudoharengus) across its native and invasive range with three methods: direct capture, environmental DNA, and environmental effects.",Yes,Keystone,,,Experiment,Alosa pseudoharengus,Density,0,0.014,Mean Zooplankton Body Length,mm,0.66,0.39,,-49.45054945,,,-49.45054945,-37.57807828,,,,,,,Freshwater lakes,,,,,FALSE,FALSE
Alewife,,Dougherty et. al.,"Biological monitoring of a keystone species (Alosa pseudoharengus) across its native and invasive range with three methods: direct capture, environmental DNA, and environmental effects.",Yes,Keystone,,,Experiment,Alosa pseudoharengus,Density,0,0.04,Mean Zooplankton Body Length,mm,0.66,0.36,,-20.83333333,,,-20.83333333,-15.15339509,,,,,,,Freshwater lakes,,,,,FALSE,FALSE
Dominant Species,2009,Munson and Lauenroth,Plant Population and Community Responses to Removal of Dominant Species in the Shortgrass Steppe,Yes,Dominant,1998,Central Plains Experimental Range,Experiment,Bouteloua gracilis,% basal cover,12.83582,1.791045,Other grasses,Density (number of individuals/m^2),88.37209,60.46512,,,0.03395269778,0.03435919029,0.03435919029,0.03435919029,Web Plot Digitizer,,,,,,Grassland,,,,,TRUE,TRUE
Dominant Species,2009,Munson and Lauenroth,Plant Population and Community Responses to Removal of Dominant Species in the Shortgrass Steppe,Yes,Dominant,1999,Central Plains Experimental Range,Experiment,Bouteloua gracilis,% basal cover,17.31343,2.38806,Other grasses,Density (number of individuals/m^2),80.23256,111.6279,,,-0.02192727174,-0.02212619193,-0.02212619193,-0.02212619193,Web Plot Digitizer,,,,,,Grassland,,,,,TRUE,TRUE
Dominant Species,2009,Munson and Lauenroth,Plant Population and Community Responses to Removal of Dominant Species in the Shortgrass Steppe,Yes,Dominant,2000,Central Plains Experimental Range,Experiment,Bouteloua gracilis,% basal cover,17.91045,3.283582,Other grasses,Density (number of individuals/m^2),68.60465,91.86047,,,-0.01981662384,-0.01995714179,-0.01995714179,-0.01995714179,Web Plot Digitizer,,,,,,Grassland,,,,,TRUE,TRUE
Dominant Species,2009,Munson and Lauenroth,Plant Population and Community Responses to Removal of Dominant Species in the Shortgrass Steppe,Yes,Dominant,2001,Central Plains Experimental Range,Experiment,Bouteloua gracilis,% basal cover,19.70149,4.776119,Other grasses,Density (number of individuals/m^2),84.88372,97.67442,,,-0.009388538057,-0.009403946002,-0.009403946002,-0.009403946002,Web Plot Digitizer,,,,,,Grassland,,,,,TRUE,TRUE
Dominant Species,2009,Munson and Lauenroth,Plant Population and Community Responses to Removal of Dominant Species in the Shortgrass Steppe,Yes,Dominant,2002,Central Plains Experimental Range,Experiment,Bouteloua gracilis,% basal cover,8.059701,3.283582,Other grasses,Density (number of individuals/m^2),82.55814,115.1163,,,-0.06897062994,-0.06960466213,-0.06960466213,-0.06960466213,Web Plot Digitizer,,,,,,Grassland,,,,,TRUE,TRUE
Dominant Species,2009,Munson and Lauenroth,Plant Population and Community Responses to Removal of Dominant Species in the Shortgrass Steppe,Yes,Dominant,2003,Central Plains Experimental Range,Experiment,Bouteloua gracilis,% basal cover,10.74627,4.776119,Other grasses,Density (number of individuals/m^2),88.37209,61.62791,,,0.0597286512,0.06037390737,0.06037390737,0.06037390737,Web Plot Digitizer,,,,,,Grassland,,,,,TRUE,TRUE
Dominant Species,2009,Munson and Lauenroth,Plant Population and Community Responses to Removal of Dominant Species in the Shortgrass Steppe,Yes,Dominant,2004,Central Plains Experimental Range,Experiment,Bouteloua gracilis,% basal cover,15.22388,8.059701,Other grasses,Density (number of individuals/m^2),50,62.7907,,,-0.03165808117,-0.03179484598,-0.03179484598,-0.03179484598,Web Plot Digitizer,,,,,,Grassland,,,,,TRUE,TRUE
Dominant Species,2009,Munson and Lauenroth,Plant Population and Community Responses to Removal of Dominant Species in the Shortgrass Steppe,Yes,Dominant,2005,Central Plains Experimental Range,Experiment,Bouteloua gracilis,% basal cover,17.91045,12.83582,Other grasses,Density (number of individuals/m^2),63.95349,65.11628,,,-0.003550605039,-0.003550701102,-0.003550701102,-0.003550701102,Web Plot Digitizer,,,,,,Grassland,,,,,TRUE,TRUE
Dominant Species,2009,Munson and Lauenroth,Plant Population and Community Responses to Removal of Dominant Species in the Shortgrass Steppe,Yes,Dominant,1998,Central Plains Experimental Range,Experiment,Bouteloua gracilis,% basal cover,12.83582,1.791045,Perennial forbs and dwarf shrubs,Density (number of individuals/m^2),11.40323,32.06452,,,-0.08607229748,-0.09360566189,-0.09360566189,-0.09360566189,Web Plot Digitizer,,,,,,Grassland,,,,,TRUE,TRUE
Dominant Species,2009,Munson and Lauenroth,Plant Population and Community Responses to Removal of Dominant Species in the Shortgrass Steppe,Yes,Dominant,1999,Central Plains Experimental Range,Experiment,Bouteloua gracilis,% basal cover,17.31343,2.38806,Perennial forbs and dwarf shrubs,Density (number of individuals/m^2),20.24731,60.24194,,,-0.06658381766,-0.07305325377,-0.07305325377,-0.07305325377,Web Plot Digitizer,,,,,,Grassland,,,,,TRUE,TRUE
Dominant Species,2009,Munson and Lauenroth,Plant Population and Community Responses to Removal of Dominant Species in the Shortgrass Steppe,Yes,Dominant,2000,Central Plains Experimental Range,Experiment,Bouteloua gracilis,% basal cover,17.91045,3.283582,Perennial forbs and dwarf shrubs,Density (number of individuals/m^2),19.76344,52.43011,,,-0.06187071299,-0.06670240535,-0.06670240535,-0.06670240535,Web Plot Digitizer,,,,,,Grassland,,,,,TRUE,TRUE
Dominant Species,2009,Munson and Lauenroth,Plant Population and Community Responses to Removal of Dominant Species in the Shortgrass Steppe,Yes,Dominant,2001,Central Plains Experimental Range,Experiment,Bouteloua gracilis,% basal cover,19.70149,4.776119,Perennial forbs and dwarf shrubs,Density (number of individuals/m^2),23.27957,47.94086,,,-0.04639979473,-0.048400272,-0.048400272,-0.048400272,Web Plot Digitizer,,,,,,Grassland,,,,,TRUE,TRUE
Dominant Species,2009,Munson and Lauenroth,Plant Population and Community Responses to Removal of Dominant Species in the Shortgrass Steppe,Yes,Dominant,2002,Central Plains Experimental Range,Experiment,Bouteloua gracilis,% basal cover,8.059701,3.283582,Perennial forbs and dwarf shrubs,Density (number of individuals/m^2),16.1129,34.12366,,,-0.1501298335,-0.1571088978,-0.1571088978,-0.1571088978,Web Plot Digitizer,,,,,,Grassland,,,,,TRUE,TRUE
Dominant Species,2009,Munson and Lauenroth,Plant Population and Community Responses to Removal of Dominant Species in the Shortgrass Steppe,Yes,Dominant,2003,Central Plains Experimental Range,Experiment,Bouteloua gracilis,% basal cover,10.74627,4.776119,Perennial forbs and dwarf shrubs,Density (number of individuals/m^2),20.30108,18.96774,,,0.011374642,0.01137901625,0.01137901625,0.01137901625,Web Plot Digitizer,,,,,,Grassland,,,,,TRUE,TRUE
Dominant Species,2009,Munson and Lauenroth,Plant Population and Community Responses to Removal of Dominant Species in the Shortgrass Steppe,Yes,Dominant,2004,Central Plains Experimental Range,Experiment,Bouteloua gracilis,% basal cover,15.22388,8.059701,Perennial forbs and dwarf shrubs,Density (number of individuals/m^2),14.48387,18.47849,,,-0.03383146007,-0.03399855538,-0.03399855538,-0.03399855538,Web Plot Digitizer,,,,,,Grassland,,,,,TRUE,TRUE
Dominant Species,2009,Munson and Lauenroth,Plant Population and Community Responses to Removal of Dominant Species in the Shortgrass Steppe,Yes,Dominant,2005,Central Plains Experimental Range,Experiment,Bouteloua gracilis,% basal cover,17.91045,12.83582,Perennial forbs and dwarf shrubs,Density (number of individuals/m^2),15.33333,16.66667,,,-0.01642164059,-0.01643115386,-0.01643115386,-0.01643115386,Web Plot Digitizer,,,,,,Grassland,,,,,TRUE,TRUE
Dominant Species,2009,Munson and Lauenroth,Plant Population and Community Responses to Removal of Dominant Species in the Shortgrass Steppe,Yes,Dominant,1998,Central Plains Experimental Range,Experiment,Bouteloua gracilis,% basal cover,12.83582,1.791045,Annual forbs,Density (number of individuals/m^2),0.666667,6.666667,,,-0.1481572497,-0.2084772793,-0.2084772793,-0.2084772793,Web Plot Digitizer,,,,,,Grassland,,,,,TRUE,TRUE
Dominant Species,2009,Munson and Lauenroth,Plant Population and Community Responses to Removal of Dominant Species in the Shortgrass Steppe,Yes,Dominant,1999,Central Plains Experimental Range,Experiment,Bouteloua gracilis,% basal cover,17.31343,2.38806,Annual forbs,Density (number of individuals/m^2),4,10.66667,,,-0.06090912031,-0.06571559469,-0.06571559469,-0.06571559469,Web Plot Digitizer,,,,,,Grassland,,,,,TRUE,TRUE
Dominant Species,2009,Munson and Lauenroth,Plant Population and Community Responses to Removal of Dominant Species in the Shortgrass Steppe,Yes,Dominant,2000,Central Plains Experimental Range,Experiment,Bouteloua gracilis,% basal cover,17.91045,3.283582,Annual forbs,Density (number of individuals/m^2),0.666667,2,,,-0.06836731042,-0.07510916135,-0.07510916135,-0.07510916135,Web Plot Digitizer,,,,,,Grassland,,,,,TRUE,TRUE
Dominant Species,2009,Munson and Lauenroth,Plant Population and Community Responses to Removal of Dominant Species in the Shortgrass Steppe,Yes,Dominant,2001,Central Plains Experimental Range,Experiment,Bouteloua gracilis,% basal cover,19.70149,4.776119,Annual forbs,Density (number of individuals/m^2),21.33333,26,,,-0.01321127986,-0.01325433717,-0.01325433717,-0.01325433717,Web Plot Digitizer,,,,,,Grassland,,,,,TRUE,TRUE
Dominant Species,2009,Munson and Lauenroth,Plant Population and Community Responses to Removal of Dominant Species in the Shortgrass Steppe,Yes,Dominant,2002,Central Plains Experimental Range,Experiment,Bouteloua gracilis,% basal cover,8.059701,3.283582,Annual forbs,Density (number of individuals/m^2),0,1,,,-0.4187500353,,-0.4187500353,#NUM!,Web Plot Digitizer,,,,,,Grassland,,,,,TRUE,TRUE
Dominant Species,2009,Munson and Lauenroth,Plant Population and Community Responses to Removal of Dominant Species in the Shortgrass Steppe,Yes,Dominant,2003,Central Plains Experimental Range,Experiment,Bouteloua gracilis,% basal cover,10.74627,4.776119,Annual forbs,Density (number of individuals/m^2),4,3.333333,,,0.03045455316,0.03053886858,0.03053886858,0.03053886858,Web Plot Digitizer,,,,,,Grassland,,,,,TRUE,TRUE
Dominant Species,2009,Munson and Lauenroth,Plant Population and Community Responses to Removal of Dominant Species in the Shortgrass Steppe,Yes,Dominant,2004,Central Plains Experimental Range,Experiment,Bouteloua gracilis,% basal cover,15.22388,8.059701,Annual forbs,Density (number of individuals/m^2),1.333333,3.333333,,,-0.119642876,-0.1278989375,-0.1278989375,-0.1278989375,Web Plot Digitizer,,,,,,Grassland,,,,,TRUE,TRUE
Dominant Species,2009,Munson and Lauenroth,Plant Population and Community Responses to Removal of Dominant Species in the Shortgrass Steppe,Yes,Dominant,2005,Central Plains Experimental Range,Experiment,Bouteloua gracilis,% basal cover,17.91045,12.83582,Annual forbs,Density (number of individuals/m^2),8.666667,4.666667,,,0.1182352152,0.1219870563,0.1219870563,0.1219870563,Web Plot Digitizer,,,,,,Grassland,,,,,TRUE,TRUE
Dominant Species,2009,Munson and Lauenroth,Plant Population and Community Responses to Removal of Dominant Species in the Shortgrass Steppe,Yes,Dominant,1998,Central Plains Experimental Range,Experiment,Bouteloua gracilis,% basal cover,12.83582,1.791045,All plants,Density (number of individuals/m^2),141.5857,136.5331,,,0.003289710595,0.003290072581,0.003290072581,0.003290072581,Web Plot Digitizer,,,,,,Grassland,,,,,TRUE,TRUE
Dominant Species,2009,Munson and Lauenroth,Plant Population and Community Responses to Removal of Dominant Species in the Shortgrass Steppe,Yes,Dominant,1999,Central Plains Experimental Range,Experiment,Bouteloua gracilis,% basal cover,17.31343,2.38806,All plants,Density (number of individuals/m^2),146.9847,205.09,,,-0.02211494275,-0.02231907199,-0.02231907199,-0.02231907199,Web Plot Digitizer,,,,,,Grassland,,,,,TRUE,TRUE
Dominant Species,2009,Munson and Lauenroth,Plant Population and Community Responses to Removal of Dominant Species in the Shortgrass Steppe,Yes,Dominant,2000,Central Plains Experimental Range,Experiment,Bouteloua gracilis,% basal cover,17.91045,3.283582,All plants,Density (number of individuals/m^2),144.7946,177.6367,,,-0.01392747471,-0.01397594255,-0.01397594255,-0.01397594255,Web Plot Digitizer,,,,,,Grassland,,,,,TRUE,TRUE
Dominant Species,2009,Munson and Lauenroth,Plant Population and Community Responses to Removal of Dominant Species in the Shortgrass Steppe,Yes,Dominant,2001,Central Plains Experimental Range,Experiment,Bouteloua gracilis,% basal cover,19.70149,4.776119,All plants,Density (number of individuals/m^2),180.4992,203.2462,,,-0.007943022733,-0.007952345468,-0.007952345468,-0.007952345468,Web Plot Digitizer,,,,,,Grassland,,,,,TRUE,TRUE
Dominant Species,2009,Munson and Lauenroth,Plant Population and Community Responses to Removal of Dominant Species in the Shortgrass Steppe,Yes,Dominant,2002,Central Plains Experimental Range,Experiment,Bouteloua gracilis,% basal cover,8.059701,3.283582,All plants,Density (number of individuals/m^2),198.5297,188.4448,,,0.01091299874,0.01091547034,0.01091547034,0.01091547034,Web Plot Digitizer,,,,,,Grassland,,,,,TRUE,TRUE
Dominant Species,2009,Munson and Lauenroth,Plant Population and Community Responses to Removal of Dominant Species in the Shortgrass Steppe,Yes,Dominant,2003,Central Plains Experimental Range,Experiment,Bouteloua gracilis,% basal cover,10.74627,4.776119,All plants,Density (number of individuals/m^2),150.8761,118.034,,,0.04091367443,0.04111893512,0.04111893512,0.04111893512,Web Plot Digitizer,,,,,,Grassland,,,,,TRUE,TRUE
Dominant Species,2009,Munson and Lauenroth,Plant Population and Community Responses to Removal of Dominant Species in the Shortgrass Steppe,Yes,Dominant,2004,Central Plains Experimental Range,Experiment,Bouteloua gracilis,% basal cover,15.22388,8.059701,All plants,Density (number of individuals/m^2),90.59083,115.854,,,-0.03416232347,-0.0343343995,-0.0343343995,-0.0343343995,Web Plot Digitizer,,,,,,Grassland,,,,,TRUE,TRUE
Dominant Species,2009,Munson and Lauenroth,Plant Population and Community Responses to Removal of Dominant Species in the Shortgrass Steppe,Yes,Dominant,2005,Central Plains Experimental Range,Experiment,Bouteloua gracilis,% basal cover,17.91045,12.83582,All plants,Density (number of individuals/m^2),101.0323,90.92699,,,0.02074751652,0.0207667142,0.0207667142,0.0207667142,Web Plot Digitizer,,,,,,Grassland,,,,,TRUE,TRUE
Trophic Cascade,2008,"Kimbro, et. al.",Invasive species cause large-scale loss of native California oyster habitat by disrupting trophic cascades,Yes,Keystone,,"Tomales Bay, California",Experiment,Buccinum undatum,density,8,0,Oyster mortality (proportion),N/A,0.45,0.05,0.1111111111,,,,0.1111111111,0.2746530722,Web Plot Digitizer,Spatial Competition,Eco,Food prefernce,Predation,Resource Availability,estuary,N/A,,,Papers,TRUE,TRUE
Power et al. ,1994,McLaren and Peterson,"Wolves, Moose, and Tree Rings on Isle Royale",Yes,Keystone,1992,Isle Royale West,Comparative Study,Canis lupus,number of individuals,18,46,Alces alces,(n),430,823,,,0.02240337476,0.02318467829,0.02318467829,0.02318467829,Web Plot Digitizer,consumption,,,,,Boreal forest,535.4,km2,,https://www.jstor.org/stable/2885186?seq=1,TRUE,TRUE
Power et al.,1994,McLaren and Peterson,"Wolves, Moose, and Tree Rings on Isle Royale",Yes,Keystone,1992,Isle Royale West,Comparative Study,Canis lupus,number of individuals,18,46,Eight balsam fir trees (West),mean ring width index (mm),0.55,0.5,,,-0.003401360544,-0.003403934993,-0.003403934993,-0.003403934993,Web Plot Digitizer,consumption,,,,,Boreal forest,535.4,km2,,,TRUE,TRUE
Power et al.,1994,McLaren and Peterson,"Wolves, Moose, and Tree Rings on Isle Royale",Yes,Keystone,1992,Isle Royale West,Comparative Study,Canis lupus,number of individuals,18,46,Eight balsam fir trees (East),mean ring width index (mm),0.4467,0.3865,,,-0.005160825732,-0.005169834298,-0.005169834298,-0.005169834298,Web Plot Digitizer,consumption,,,,,Boreal forest,535.4,km2,,,TRUE,TRUE
Power et al.,1994,McLaren and Peterson,"Wolves, Moose, and Tree Rings on Isle Royale",Yes,Keystone,1992,Isle Royale West,Comparative Study,Canis lupus,number of individuals,18,46,Amount of water available to plants during the growing season,mean ring width index (mm),363.23,323.22,,,-0.004163241522,-0.00416796559,-0.00416796559,-0.00416796559,Web Plot Digitizer,consumption,,,,,Boreal forest,535.4,km2,,,TRUE,TRUE
Wilmers et al.,2003,Wilmers et al.,Trophic facilitation by introduced top predators: grey wolf subsidies to scavengers in Yellowstone National Park,Yes,Keystone,1998-2001,Yellowstone National Park,Experiment,Canis lupus,Wolves per kg of Prey,0.01,0.25909,Cervus canadensis,Percentage consumed by wolves,32.146,74.195,,,3.17488965,3.357857547,3.357857547,3.357857547,Web Plot Digitizer,Predation,Eco,Food prefernce,Predation,Density,Temperate,"83,000",ha,,,TRUE,TRUE
Ciechanowski et al.,2011,Ciechanowski et al.,Reintroduction of beavers Castor fiber may improve habitat quality for vespertilionid bats foraging in small river valleys,Yes,Keystone,,,Experiment,Castor fiber,Modified Dams,0,1,P. nathusii,Bat Activity (# of passes),0.04509,0.147,,0.6932653061,,,0.6932653061,1.181772094,Web Plot Digitizer,,Org,,,,River,,,,https://drive.google.com/drive/u/1/folders/1FeH8s32lCmguhwAbGGJXcTpD9ykB5iyk,TRUE,TRUE
Ciechanowski et al.,2011,Ciechanowski et al.,Reintroduction of beavers Castor fiber may improve habitat quality for vespertilionid bats foraging in small river valleys,Yes,Keystone,,,Experiment,Castor fiber,Modified Dams,0,1,P. pipistrellus,Bat Activity (# of passes),0.051176,0.13142,,0.6105919951,,,0.6105919951,0.9431276293,Web Plot Digitizer,,Org,,,,River,,,,,TRUE,TRUE
Ciechanowski et al.,2011,Ciechanowski et al.,Reintroduction of beavers Castor fiber may improve habitat quality for vespertilionid bats foraging in small river valleys,Yes,Keystone,,,Experiment,Castor fiber,Modified Dams,0,1,Nyctalus noctula,Bat Activity (# of passes),0.05905,0.0722,,0.182132964,,,0.182132964,0.2010555033,Web Plot Digitizer,,Org,,,,River,,,,,TRUE,TRUE
Willby castor,2014,Willby et al.,Engineering biodiversity: beavers enrich aquatic plant and beetle assemblages at multiple spatial scales,Yes,Keystone,,,Experiement,Castor fiber,No. of Samples,2.154962105,251.8703445,Number of Plant Species,Mean Number of Species,6.908239274,126.8256188,,,0.007181670178,0.01165366041,0.01165366041,0.01165366041,Web Plot Digitizer,,,,,,Riverine,,,,,FALSE,FALSE
Willby castor,2014,Willby et al.,Engineering biodiversity: beavers enrich aquatic plant and beetle assemblages at multiple spatial scales,Yes,Keystone,,,Experiement,Castor fiber,No. of Sites,0.9955156951,10.03587444,Number of Plant Species,Mean Number of Species,40.54324151,125.0403587,,,0.1128934908,0.1245821644,0.1245821644,0.1245821644,Web Plot Digitizer,,,,,,Riverine,,,,,FALSE,FALSE
Willby castor,2014,Willby et al.,Engineering biodiversity: beavers enrich aquatic plant and beetle assemblages at multiple spatial scales,Yes,Keystone,,,Experiement,Castor fiber,No. of Individuals,3.930131004,328.8209607,Number of Beetle Species,Mean Number of Species,4.59403449,54.1913996,,,0.005193754506,0.007595670236,0.007595670236,0.007595670236,Web Plot Digitizer,,,,,,Riverine,,,,,FALSE,FALSE
Willby castor,2014,Willby et al.,Engineering biodiversity: beavers enrich aquatic plant and beetle assemblages at multiple spatial scales,Yes,Keystone,,,Experiement,Castor fiber,No. of Individuals,28.36538462,330.0480769,Number of Beetle Species,Mean Number of Species,16.51075619,55.86497718,,,0.003604773179,0.004040422701,0.004040422701,0.004040422701,Web Plot Digitizer,,,,,,Riverine,,,,,FALSE,FALSE
"Hale, et. al.",1995,Mittelbach et. al.,"PERTURBATION AND RESILIENCE: A LONG-TERM, WHOLE-LAKE STUDY OF PREDATOR EXTINCTION AND REINTRODUCTION",Yes,Keystone,,"Wintergreen Lake, Michigan ",Experiment,Diplostraca,"Biomass (mg/L)
",0.01398592507,1.55087126,Secchi depth,Distance,1.499876034,4.769302166,,,0.6786556109,0.7527025675,0.7527025675,0.7527025675,web plot digitizer,,Eco,,,,Lake,"small (15 ha), shallow (6.3 m",,,https://drive.google.com/drive/u/1/folders/1uQZSW1ack8CRbtpeA0D482mSu1XAiAF1,TRUE,TRUE
Power et al.,1990,Brown and Heske,Control of a desert-grassland transition by a keystone rodent guild,Yes,Keystone,1977,Chihuahuan Desert,Experiment,Dipodomys,Number of Rodents Captured,20.309,154.63,Aristida adscenscionis,% cover,2.7047,57.372,,,0.01354901224,0.02274078796,0.02274078796,0.02274078796,Web Plot Digitizer,consumption,Env,rainfall,,interaction strength,desert  ,"maximum depth, 2.5 m mean depth),",,Kangaroo rats are keystone only in areas where rainfall does not significantly favor either shrubland or grassland.,https://drive.google.com/drive/u/1/folders/1FeH8s32lCmguhwAbGGJXcTpD9ykB5iyk,TRUE,TRUE
Elephant Abundance,1998,"EL BEN-SHAHAR, et. al.","ELEPHANT DENSITY AND IMPACT ON KALAHARI WOODLAND HABITATS 
",Yes,Keystone,,,Experiment,Elephantidae,density (no./km^2),2.57,5.52,Acciciu erioloha,New seedlings (No./ha) ,42,149,,,0.3798029994,0.4292463348,0.4292463348,0.4292463348,,,,,,,Desert,,,,,FALSE,FALSE
Elephant Abundance,1998,"EL BEN-SHAHAR, et. al.","ELEPHANT DENSITY AND IMPACT ON KALAHARI WOODLAND HABITATS 
",Yes,Keystone,,,Experiment,Elephantidae,density (no./km^2),2.57,5.52,Acciciu erioloha,Seedlings (No./ha),105,141,,,0.09921455147,0.09993204753,0.09993204753,0.09993204753,,,,,,,Desert,,,,,FALSE,FALSE
Elephant Abundance,1998,"EL BEN-SHAHAR, et. al.","ELEPHANT DENSITY AND IMPACT ON KALAHARI WOODLAND HABITATS 
",Yes,Keystone,,,Experiment,Elephantidae,density (no./km^2),2.57,5.52,Acciciu erioloha,Shrubs (No./ha),148,138,,,-0.02370510845,-0.0237147758,-0.0237147758,-0.0237147758,,,,,,,Desert,,,,,FALSE,FALSE
Elephant Abundance,1998,"EL BEN-SHAHAR, et. al.","ELEPHANT DENSITY AND IMPACT ON KALAHARI WOODLAND HABITATS 
",Yes,Keystone,,,Experiment,Elephantidae,density (no./km^2),2.57,5.52,Acciciu erioloha,All Trees >2m (No./ha),131,169,,,0.08587570621,0.08633945482,0.08633945482,0.08633945482,,,,,,,Desert,,,,,FALSE,FALSE
Elephant Abundance,1998,"EL BEN-SHAHAR, et. al.","ELEPHANT DENSITY AND IMPACT ON KALAHARI WOODLAND HABITATS 
",Yes,Keystone,,,Experiment,Elephantidae,density (no./km^2),3,6.71,Baikitieu plurijuga,New seedlings (No./ha) ,26,103,,,0.3217785578,0.3710599596,0.3710599596,0.3710599596,,,,,,,Desert,,,,,FALSE,FALSE
Elephant Abundance,1998,"EL BEN-SHAHAR, et. al.","ELEPHANT DENSITY AND IMPACT ON KALAHARI WOODLAND HABITATS 
",Yes,Keystone,,,Experiment,Elephantidae,density (no./km^2),3,6.71,Baikitieu plurijuga,Seedlings (No./ha),176,347,,,0.1762586776,0.1829759528,0.1829759528,0.1829759528,,,,,,,Desert,,,,,FALSE,FALSE
Elephant Abundance,1998,"EL BEN-SHAHAR, et. al.","ELEPHANT DENSITY AND IMPACT ON KALAHARI WOODLAND HABITATS 
",Yes,Keystone,,,Experiment,Elephantidae,density (no./km^2),3,6.71,Baikitieu plurijuga,Shrubs (No./ha),498,629,,,0.06266188651,0.06294640962,0.06294640962,0.06294640962,,,,,,,Desert,,,,,FALSE,FALSE
Elephant Abundance,1998,"EL BEN-SHAHAR, et. al.","ELEPHANT DENSITY AND IMPACT ON KALAHARI WOODLAND HABITATS 
",Yes,Keystone,,,Experiment,Elephantidae,density (no./km^2),3,6.71,Baikitieu plurijuga,All Trees >2m (No./ha),371,208,,,-0.1517627287,-0.1559741194,-0.1559741194,-0.1559741194,,,,,,,Desert,,,,,FALSE,FALSE
Elephant Abundance,1998,"EL BEN-SHAHAR, et. al.","ELEPHANT DENSITY AND IMPACT ON KALAHARI WOODLAND HABITATS 
",Yes,Keystone,,,Experiment,Elephantidae,density (no./km^2),2.95,5.45,Colophospermum nioptirie,New seedlings (No./ha) ,312,896,,,0.3867549669,0.4219748901,0.4219748901,0.4219748901,,,,,,,Desert,,,,,FALSE,FALSE
Elephant Abundance,1998,"EL BEN-SHAHAR, et. al.","ELEPHANT DENSITY AND IMPACT ON KALAHARI WOODLAND HABITATS 
",Yes,Keystone,,,Experiment,Elephantidae,density (no./km^2),2.95,5.45,Colophospermum nioptirie,Seedlings (No./ha),648,830,,,0.09851150203,0.09901400178,0.09901400178,0.09901400178,,,,,,,Desert,,,,,FALSE,FALSE
Elephant Abundance,1998,"EL BEN-SHAHAR, et. al.","ELEPHANT DENSITY AND IMPACT ON KALAHARI WOODLAND HABITATS 
",Yes,Keystone,,,Experiment,Elephantidae,density (no./km^2),2.95,5.45,Colophospermum nioptirie,Shrubs (No./ha),1629,1140,,,-0.1412784399,-0.1427752269,-0.1427752269,-0.1427752269,,,,,,,Desert,,,,,FALSE,FALSE
Elephant Abundance,1998,"EL BEN-SHAHAR, et. al.","ELEPHANT DENSITY AND IMPACT ON KALAHARI WOODLAND HABITATS 
",Yes,Keystone,,,Experiment,Elephantidae,density (no./km^2),2.95,5.45,Colophospermum nioptirie,All Trees >2m (No./ha),282,377,,,0.1153262519,0.1161352466,0.1161352466,0.1161352466,,,,,,,Desert,,,,,FALSE,FALSE
Dominant Species,2015,Li et al.,Short-Term Responses of an Alpine Meadow Community to Removal of a Dominant Species along a Fertilization Gradient,Yes,Dominant,September 2011,"0 Fertilizer Plot, Lanzhou University Research Station, Gansu China",Experiment,Elymus nutans,%cover,6.3,0,Grasses,Biomass (g 0.25m^2),46.19,30.8,0.05288714317,,,,0.05288714317,0.06432518007,Web Plot Digitizer,Spatial competition,Eco,Fertilization Rate,Dispersal,Density,Temperate,,,,,TRUE,TRUE
Dominant Species,2015,Li et al.,Short-Term Responses of an Alpine Meadow Community to Removal of a Dominant Species along a Fertilization Gradient,Yes,Dominant,September 2011,"30 g Fertilizer Plot, Lanzhou University Research Station, Gansu China",Experiment,Elymus nutans,%cover,20.1,0,Grasses,Biomass (g 0.25m^2),111.41,45.64,0.02937024776,,,,0.02937024776,0.0443996301,Web Plot Digitizer,Spatial competition,Eco,Fertilization Rate,Dispersal,Density,Temperate,,,,,TRUE,TRUE
Dominant Species,2015,Li et al.,Short-Term Responses of an Alpine Meadow Community to Removal of a Dominant Species along a Fertilization Gradient,Yes,Dominant,September 2011,"60 g Fertilizer Plot, Lanzhou University Research Station, Gansu China",Experiment,Elymus nutans,%cover,82.6,0,Grasses,Biomass (g 0.25m^2),162.9,66.58,0.007158389778,,,,0.007158389778,0.01083210997,Web Plot Digitizer,Spatial competition,Eco,Fertilization Rate,Dispersal,Density,Temperate,,,,,TRUE,TRUE
Dominant Species,2015,Li et al.,Short-Term Responses of an Alpine Meadow Community to Removal of a Dominant Species along a Fertilization Gradient,Yes,Dominant,September 2011,"120 g Fertilizer Plot, Lanzhou University Research Station, Gansu China",Experiment,Elymus nutans,%cover,99.8,0,Grasses,Biomass (g 0.25m^2),189.96,5.09,0.009751551956,,,,0.009751551956,0.03626789272,Web Plot Digitizer,Spatial competition,Eco,Fertilization Rate,Dispersal,Density,Temperate,,,,,TRUE,TRUE
Dominant Species,2015,Li et al.,Short-Term Responses of an Alpine Meadow Community to Removal of a Dominant Species along a Fertilization Gradient,Yes,Dominant,September 2011,"0 Fertilizer Plot, Lanzhou University Research Station, Gansu China",Experiment,Elymus nutans,%cover,6.3,0,Sedge,Biomass (g 0.25m^2),26.46,24.17,0.01373741737,,,,0.01373741737,0.01436856571,Web Plot Digitizer,Spatial competition,Eco,Fertilization Rate,Dispersal,Density,Temperate,,,,,TRUE,TRUE
Dominant Species,2015,Li et al.,Short-Term Responses of an Alpine Meadow Community to Removal of a Dominant Species along a Fertilization Gradient,Yes,Dominant,September 2011,"30 g Fertilizer Plot, Lanzhou University Research Station, Gansu China",Experiment,Elymus nutans,%cover,20.1,0,Sedge,Biomass (g 0.25m^2),3.54,4.38,-0.01180537988,,,,-0.01180537988,-0.01059313419,Web Plot Digitizer,Spatial competition,Eco,Fertilization Rate,Dispersal,Density,Temperate,,,,,TRUE,TRUE
Dominant Species,2015,Li et al.,Short-Term Responses of an Alpine Meadow Community to Removal of a Dominant Species along a Fertilization Gradient,Yes,Dominant,September 2011,"60 g Fertilizer Plot, Lanzhou University Research Station, Gansu China",Experiment,Elymus nutans,%cover,82.6,0,Sedge,Biomass (g 0.25m^2),0.83,2.71,-0.02742203682,,,,-0.02742203682,-0.0143254021,Web Plot Digitizer,Spatial competition,Eco,Fertilization Rate,Dispersal,Density,Temperate,,,,,TRUE,TRUE
Dominant Species,2015,Li et al.,Short-Term Responses of an Alpine Meadow Community to Removal of a Dominant Species along a Fertilization Gradient,Yes,Dominant,September 2011,"0 Fertilizer Plot, Lanzhou University Research Station, Gansu China",Experiment,Elymus nutans,%cover,6.3,0,Forbs,Biomass (g 0.25m^2),29.77,42.37,-0.06718172657,,,,-0.06718172657,-0.05602212534,Web Plot Digitizer,Spatial competition,Eco,Fertilization Rate,Dispersal,Density,Temperate,,,,,TRUE,TRUE
Dominant Species,2015,Li et al.,Short-Term Responses of an Alpine Meadow Community to Removal of a Dominant Species along a Fertilization Gradient,Yes,Dominant,September 2011,"30 g Fertilizer Plot, Lanzhou University Research Station, Gansu China",Experiment,Elymus nutans,%cover,20.1,0,Forbs,Biomass (g 0.25m^2),30.53,63.36,-0.05349929032,,,,-0.05349929032,-0.03632452442,Web Plot Digitizer,Spatial competition,Eco,Fertilization Rate,Dispersal,Density,Temperate,,,,,TRUE,TRUE
Dominant Species,2015,Li et al.,Short-Term Responses of an Alpine Meadow Community to Removal of a Dominant Species along a Fertilization Gradient,Yes,Dominant,September 2011,"60 g Fertilizer Plot, Lanzhou University Research Station, Gansu China",Experiment,Elymus nutans,%cover,82.6,0,Forbs,Biomass (g 0.25m^2),14.12,43.89,-0.02552490243,,,,-0.02552490243,-0.01372995486,Web Plot Digitizer,Spatial competition,Eco,Fertilization Rate,Dispersal,Density,Temperate,,,,,TRUE,TRUE
Dominant Species,2015,Li et al.,Short-Term Responses of an Alpine Meadow Community to Removal of a Dominant Species along a Fertilization Gradient,Yes,Dominant,September 2011,"120 g Fertilizer Plot, Lanzhou University Research Station, Gansu China",Experiment,Elymus nutans,%cover,99.8,0,Forbs,Biomass (g 0.25m^2),1.91,35.88,-0.1782098228,,,,-0.1782098228,-0.02938954705,Web Plot Digitizer,Spatial competition,Eco,Fertilization Rate,Dispersal,Density,Temperate,,,,,TRUE,TRUE
Dominant Species,2015,Li et al.,Short-Term Responses of an Alpine Meadow Community to Removal of a Dominant Species along a Fertilization Gradient,Yes,Dominant,September 2011,"0 Fertilizer Plot, Lanzhou University Research Station, Gansu China",Experiment,Elymus nutans,%cover,6.3,0,Legumes,Biomass (g 0.25m^2),5.41,5.67,-0.007628436464,,,,-0.007628436464,-0.0074507976,Web Plot Digitizer,Spatial competition,Eco,Fertilization Rate,Dispersal,Density,Temperate,,,,,TRUE,TRUE
Dominant Species,2015,Li et al.,Short-Term Responses of an Alpine Meadow Community to Removal of a Dominant Species along a Fertilization Gradient,Yes,Dominant,September 2011,"30 g Fertilizer Plot, Lanzhou University Research Station, Gansu China",Experiment,Elymus nutans,%cover,20.1,0,Legumes,Biomass (g 0.25m^2),0.32,0.51,-0.029539801,,,,-0.029539801,-0.02318854378,Web Plot Digitizer,Spatial competition,Eco,Fertilization Rate,Dispersal,Density,Temperate,,,,,TRUE,TRUE
Dominant Species,2004,Gibb and Hochuli,Removal Experiment Reveals Limited Effects of a Behaviorally Dominant Species on Ant Assemblages,Yes,Dominant,Summer 2000,Marramarra National Park,Experiment,Iridomyrmex purpureus,presence/absence count,19,0,Other ants,Presence/absence count,57,40,0.01569713758,,,,0.01569713758,0.01864062177,Web Plot Digitizer,,,,,,Sandstone outcrops,,,,,TRUE,TRUE
Dominant Species,2004,Gibb and Hochuli,Removal Experiment Reveals Limited Effects of a Behaviorally Dominant Species on Ant Assemblages,Yes,Dominant,Autumn 2000,Marramarra National Park,Experiment,Iridomyrmex purpureus,presence/absence count,20,0,Other ants,Presence/absence count,64,40,0.01875,,,,0.01875,0.02350018146,Web Plot Digitizer,,,,,,Sandstone outcrops,,,,,TRUE,TRUE
Dominant Species,2004,Gibb and Hochuli,Removal Experiment Reveals Limited Effects of a Behaviorally Dominant Species on Ant Assemblages,Yes,Dominant,Autumn 2001,Marramarra National Park,Experiment,Iridomyrmex purpureus,presence/absence count,20,5,Other ants,Presence/absence count,40,51,,,-0.01611721612,-0.01619641191,-0.01619641191,-0.01619641191,Web Plot Digitizer,,,,,,Sandstone outcrops,,,,,TRUE,TRUE
Dominant Species,2004,Gibb and Hochuli,Removal Experiment Reveals Limited Effects of a Behaviorally Dominant Species on Ant Assemblages,Yes,Dominant,Winter 2001,Marramarra National Park,Experiment,Iridomyrmex purpureus,presence/absence count,17,0,Other ants,Presence/absence count,21,51,-0.08403361345,,,,-0.08403361345,-0.05219430559,Web Plot Digitizer,,,,,,Sandstone outcrops,,,,,TRUE,TRUE
Dominant Species,2004,Gibb and Hochuli,Removal Experiment Reveals Limited Effects of a Behaviorally Dominant Species on Ant Assemblages,Yes,Dominant,Spring 2002,Marramarra National Park,Experiment,Iridomyrmex purpureus,presence/absence count,20,2,Other ants,Presence/absence count,23,18,,,0.0135501355,0.01361791434,0.01361791434,0.01361791434,Web Plot Digitizer,,,,,,Sandstone outcrops,,,,,TRUE,TRUE
Dominant Species,2004,Gibb and Hochuli,Removal Experiment Reveals Limited Effects of a Behaviorally Dominant Species on Ant Assemblages,Yes,Dominant,Summer 2002,Marramarra National Park,Experiment,Iridomyrmex purpureus,presence/absence count,20,4,Other ants,Presence/absence count,29,40,,,-0.01992753623,-0.02009897651,-0.02009897651,-0.02009897651,Web Plot Digitizer,,,,,,Sandstone outcrops,,,,,TRUE,TRUE
Power et al.,1978,Lubchenco,Plant Species Diversity in a Marine Intertidal Community: Importance of Herbivore Preference and Algal Competitive Abilities,Yes,Keystone,1974,Nahant,Experiment,Littorina littorea,density (no./m^2),0,1,green algae,% cover,100,27,,,-1.149606299,-1.30933332,-1.30933332,-1.30933332,Web Plot Digitizer,consumption,Org,food preference,predation,density,Tide pools,,,"The context dependence of this species is in the fact that in more exposed areas, the dominant algae are practically inedible to Littorina littorea, so Littorina littorea has little effect on those areas. This wasn’t part of the experiment rather a fact cited by Lubchenco.",,TRUE,TRUE
Power et al.,1978,Lubchenco,Plant Species Diversity in a Marine Intertidal Community: Importance of Herbivore Preference and Algal Competitive Abilities,Yes,Keystone,1974,Nahant,Experiment,Littorina littorea,density (no./m^2),5,0,green algae,% cover,0,100,,,-0.4,-0.4,-0.4,#NUM!,Web Plot Digitizer,consumption,Org,food preference,predation,density,Tide pools,,,,,TRUE,TRUE
Power et al.,1990,Dublin et al.,Elephants and fire as causes of multiple stable states in the Serengeti-Mara woodlands,Maybe,Keystone,1960s and 1980s,Mara Reserve,Comparative study ,Loxodonta africana,% of Elephant Poplulation,0,100,trees,ln (recruitment rate),2.05,-0.14,,0.1564285714,,,0.1564285714,#NUM!,Article,consumption,Env,tree abundance,,interaction strength,Savanna,1500 km^2,,"The context dependence is rooted in the alternate stable states of savanna and woodland. Elephants maintain the low tree cover of savannas by browsing, but cannot turn woodland into savanna, making them environmental constructors in the former but not the latter.",,TRUE,TRUE
largemouth bass abundance,2002,"Maezono, et. al.",Community-level impacts induced by introduced largemouth bass and bluegill in farm ponds in Japan,Yes,Keystone,,Japan,Experiment,Micropterus salmoides,Mean number of Micropterus salmoides,0,11.96231137,"Community Impacts (bullfrog, odonates, chironomids, chaoborids, Oligochaetes, topmouth gudgeon, goby, shrimp)",DCA Species Score,190.9090909,7.177033493,,-2.140054643,,,-2.140054643,-0.2742706751,,,,,,,Freshwater lakes,,,,,TRUE,TRUE
Carpenter et al  2001,2001,Carpenter et al  2001,"TROPHIC CASCADES, NUTRIENTS, AND LAKE PRODUCTIVITY: WHOLE-LAKE EXPERIMENTS",Yes,Keystone,,Paul Lake,Experiment,Micropterus salmoides,"Biomass (kg/ha)
",13.428,27.2739,planktivore biomass,kg/ha,0.680608,0.49508,,,-0.02279429594,-0.0229863823,-0.0229863823,-0.0229863823,,,,,,,Freshwater lakes,,,,,TRUE,TRUE
Carpenter et al  2001,2001,Carpenter et al  2001,"TROPHIC CASCADES, NUTRIENTS, AND LAKE PRODUCTIVITY: WHOLE-LAKE EXPERIMENTS",Yes,Keystone,,Peter Lake,Experiment,Micropterus salmoides,"Biomass (kg/ha)
",0,3.913396344,planktivore biomass,kg/ha,51.95171026,16.65995976,,-0.5413092111,,,-0.5413092111,-0.2906187661,,,,,,,Freshwater lakes,,,,,TRUE,TRUE
largemouth bass abundance,1996,Michael J. Maceina,Largemouth Bass Abundance and Aquatic Vegetation in Florida Lakes: An Alternative Interpretation,Yes,Keystone,1996,,Experiment,Micropterus salmoides,young-of-year largemouth bass density (N/ha),464.7887324,849.0945674,percent volume infestation of aquatic plants,% volume,2.04170761,100.2230437,,,0.004996386065,0.01013154437,0.01013154437,,Web Plot Digitizer,consumption,Eco,,,,Freshwater Lakes,,,,,TRUE,TRUE
largemouth bass abundance,1996,Michael J. Maceina,Largemouth Bass Abundance and Aquatic Vegetation in Florida Lakes: An Alternative Interpretation,Yes,Keystone,1996,,Experiment,Micropterus salmoides,Harvestable largemouth densities (N/ha),23.57110908,35.75675619,percent area covered of aquatic plants,% cover,3.826256406,69.66941977,,,0.1470382402,0.2381387355,0.2381387355,,Web Plot Digitizer,consumption,Eco,,,,Freshwater Lakes,,,,,TRUE,TRUE
largemouth bass abundance,1996,Michael J. Maceina,Largemouth Bass Abundance and Aquatic Vegetation in Florida Lakes: An Alternative Interpretation,Yes,Keystone,1996,,Experiment,Micropterus salmoides,Harvestable largemouth densities (N/ha),23.44180483,39.94294523,percent volume covered of aquatic plants,% volume,0.3989649232,49.37260673,,,0.1192606252,0.2919966386,0.2919966386,,Web Plot Digitizer,consumption,Eco,,,,Freshwater Lakes,,,,,TRUE,TRUE
Keystone Species,2020,Sullivan and Sullivan,Synthetic mustelid semiochemicals depress survival of long-tailed vole (Microtus longicaudus) populations and feeding damage,Yes,Keystone,June 2005,"Golden, British Columbia",Experiment,Mustela erminia,presence of odor (yes or no),0,1,Microtus longicaudus,mean number per hectare,9.7,11.9,,0.1848739496,,,0.1848739496,0.2044125146,,,,,,,Woodlands,,,,,TRUE,TRUE
Keystone Species,2020,Sullivan and Sullivan,Synthetic mustelid semiochemicals depress survival of long-tailed vole (Microtus longicaudus) populations and feeding damage,Yes,Keystone,July 2005,"Golden, British Columbia",Experiment,Mustela erminia,presence of odor (yes or no),0,1,Microtus longicaudus,mean number per hectare,13.5,17.6,,0.2329545455,,,0.2329545455,0.2652092166,,,,,,,Woodlands,,,,,TRUE,TRUE
Keystone Species,2020,Sullivan and Sullivan,Synthetic mustelid semiochemicals depress survival of long-tailed vole (Microtus longicaudus) populations and feeding damage,Yes,Keystone,August 2005,"Golden, British Columbia",Experiment,Mustela erminia,presence of odor (yes or no),0,1,Microtus longicaudus,mean number per hectare,17.4,25.3,,0.3122529644,,,0.3122529644,0.3743341895,,,,,,,Woodlands,,,,,TRUE,TRUE
Keystone Species,2020,Sullivan and Sullivan,Synthetic mustelid semiochemicals depress survival of long-tailed vole (Microtus longicaudus) populations and feeding damage,Yes,Keystone,September 2005,"Golden, British Columbia",Experiment,Mustela erminia,presence of odor (yes or no),0,1,Microtus longicaudus,mean number per hectare,22.9,32.6,,0.2975460123,,,0.2975460123,0.3531753778,,,,,,,Woodlands,,,,,TRUE,TRUE
Keystone Species,2020,Sullivan and Sullivan,Synthetic mustelid semiochemicals depress survival of long-tailed vole (Microtus longicaudus) populations and feeding damage,Yes,Keystone,May 2006,"Golden, British Columbia",Experiment,Mustela erminia,presence of odor (yes or no),0,1,Microtus longicaudus,mean number per hectare,24.2,59.4,,0.5925925926,,,0.5925925926,0.8979415932,,,,,,,Woodlands,,,,,TRUE,TRUE
Keystone Species,2020,Sullivan and Sullivan,Synthetic mustelid semiochemicals depress survival of long-tailed vole (Microtus longicaudus) populations and feeding damage,Yes,Keystone,June 2006,"Golden, British Columbia",Experiment,Mustela erminia,presence of odor (yes or no),0,1,Microtus longicaudus,mean number per hectare,9.8,34.5,,0.715942029,,,0.715942029,1.258576938,,,,,,,Woodlands,,,,,TRUE,TRUE
Power et al.,1991,Fauth and Resetartis,Interactions between the salamander Siren intermedia and the keystone predator Notophthalmus viridescens,Yes,Keystone,1986,Duke Zoology Field Station,Experiment,Notophthalmus viridescens,number of individuals ,0,1,Rana utricularia,number of individuals ,275,46,,-4.97826087,,,-4.97826087,-1.788129701,Web Plot Digitizer,consumption of competitors,See note,,,,Ponds,,,"Power labels this experiment as showing context dependence of the keystone nature of Notophthalamus despite the fact that the authors conclude “In our system of experimental ponds, the strong interaction between Siren and Notophthalmus density did not extend its effects to lower trophic levels, and the direct and indirect effects of Siren did not alter the role of Notophthalmus as a keystone predator.”",,TRUE,TRUE
Power et al.,1991,Fauth and Resetartis,Interactions between the salamander Siren intermedia and the keystone predator Notophthalmus viridescens,Yes,Keystone,1986,Duke Zoology Field Station,Experiment,Notophthalmus viridescens,number of individuals ,0,1,Pseudacris crucifer,number of individuals ,100,1,,-99,,,-99,-4.605170186,Web Plot Digitizer,consumption of competitors,See note,,,,Ponds,,,"Power labels this experiment as showing context dependence of the keystone nature of Notophthalamus despite the fact that the authors conclude “In our system of experimental ponds, the strong interaction between Siren and Notophthalmus density did not extend its effects to lower trophic levels, and the direct and indirect effects of Siren did not alter the role of Notophthalmus as a keystone predator.”",,TRUE,TRUE
Power et al.,1991,Fauth and Resetartis,Interactions between the salamander Siren intermedia and the keystone predator Notophthalmus viridescens,Yes,Keystone,1986,Duke Zoology Field Station,Experiment,Notophthalmus viridescens,number of individuals ,0,1,Bufo americanus,number of individuals ,25,4,,-5.25,,,-5.25,-1.832581464,Web Plot Digitizer,consumption of competitors,See note,,,,Ponds,,,"Power labels this experiment as showing context dependence of the keystone nature of Notophthalamus despite the fact that the authors conclude “In our system of experimental ponds, the strong interaction between Siren and Notophthalmus density did not extend its effects to lower trophic levels, and the direct and indirect effects of Siren did not alter the role of Notophthalmus as a keystone predator.”",,TRUE,TRUE
Power et al.,1991,Fauth and Resetartis,Interactions between the salamander Siren intermedia and the keystone predator Notophthalmus viridescens,Yes,Keystone,1986,Duke Zoology Field Station,Experiment,Notophthalmus viridescens,number of individuals ,0,1,Hyla chrysoscelis,number of individuals ,200,6,,-32.33333333,,,-32.33333333,-3.506557897,Web Plot Digitizer,consumption of competitors,See note,,,,Ponds,,,"Power labels this experiment as showing context dependence of the keystone nature of Notophthalamus despite the fact that the authors conclude “In our system of experimental ponds, the strong interaction between Siren and Notophthalmus density did not extend its effects to lower trophic levels, and the direct and indirect effects of Siren did not alter the role of Notophthalmus as a keystone predator.”",,TRUE,TRUE
Power et al.,1991,Fauth and Resetartis,Interactions between the salamander Siren intermedia and the keystone predator Notophthalmus viridescens,Yes,Keystone,1986,Duke Zoology Field Station,Experiment,Notophthalmus viridescens,number of individuals ,0,1,Gastrophryne carolinensis,number of individuals ,150,35,,-3.285714286,,,-3.285714286,-1.455287233,Web Plot Digitizer,consumption of competitors,See note,,,,Ponds,,,"Power labels this experiment as showing context dependence of the keystone nature of Notophthalamus despite the fact that the authors conclude “In our system of experimental ponds, the strong interaction between Siren and Notophthalmus density did not extend its effects to lower trophic levels, and the direct and indirect effects of Siren did not alter the role of Notophthalmus as a keystone predator.”",,TRUE,TRUE
Power et al.,1991,Fauth and Resetartis,Interactions between the salamander Siren intermedia and the keystone predator Notophthalmus viridescens,Yes,Keystone,1986,Duke Zoology Field Station,Experiment,Notophthalmus viridescens,number of individuals ,0,2,Rana utricularia,number of individuals ,275,65,,-1.615384615,,,-1.615384615,-0.7211919139,Web Plot Digitizer,consumption of competitors,See note,,,,Ponds,,,"Power labels this experiment as showing context dependence of the keystone nature of Notophthalamus despite the fact that the authors conclude “In our system of experimental ponds, the strong interaction between Siren and Notophthalmus density did not extend its effects to lower trophic levels, and the direct and indirect effects of Siren did not alter the role of Notophthalmus as a keystone predator.”",,TRUE,TRUE
Power et al.,1991,Fauth and Resetartis,Interactions between the salamander Siren intermedia and the keystone predator Notophthalmus viridescens,Yes,Keystone,1986,Duke Zoology Field Station,Experiment,Notophthalmus viridescens,number of individuals ,0,2,Pseudacris crucifer,number of individuals ,100,12,,-3.666666667,,,-3.666666667,-1.060131768,Web Plot Digitizer,consumption of competitors,See note,,,,Ponds,,,"Power labels this experiment as showing context dependence of the keystone nature of Notophthalamus despite the fact that the authors conclude “In our system of experimental ponds, the strong interaction between Siren and Notophthalmus density did not extend its effects to lower trophic levels, and the direct and indirect effects of Siren did not alter the role of Notophthalmus as a keystone predator.”",,TRUE,TRUE
Power et al.,1991,Fauth and Resetartis,Interactions between the salamander Siren intermedia and the keystone predator Notophthalmus viridescens,Yes,Keystone,1986,Duke Zoology Field Station,Experiment,Notophthalmus viridescens,number of individuals ,0,2,Bufo americanus,number of individuals ,25,2,,-5.75,,,-5.75,-1.262864322,Web Plot Digitizer,consumption of competitors,See note,,,,Ponds,,,"Power labels this experiment as showing context dependence of the keystone nature of Notophthalamus despite the fact that the authors conclude “In our system of experimental ponds, the strong interaction between Siren and Notophthalmus density did not extend its effects to lower trophic levels, and the direct and indirect effects of Siren did not alter the role of Notophthalmus as a keystone predator.”",,TRUE,TRUE
Power et al.,1991,Fauth and Resetartis,Interactions between the salamander Siren intermedia and the keystone predator Notophthalmus viridescens,Yes,Keystone,1986,Duke Zoology Field Station,Experiment,Notophthalmus viridescens,number of individuals ,0,2,Hyla chrysoscelis,number of individuals ,200,5,,-19.5,,,-19.5,-1.844439727,Web Plot Digitizer,consumption of competitors,See note,,,,Ponds,,,"Power labels this experiment as showing context dependence of the keystone nature of Notophthalamus despite the fact that the authors conclude “In our system of experimental ponds, the strong interaction between Siren and Notophthalmus density did not extend its effects to lower trophic levels, and the direct and indirect effects of Siren did not alter the role of Notophthalmus as a keystone predator.”",,TRUE,TRUE
Power et al.,1991,Fauth and Resetartis,Interactions between the salamander Siren intermedia and the keystone predator Notophthalmus viridescens,Yes,Keystone,1986,Duke Zoology Field Station,Experiment,Notophthalmus viridescens,number of individuals ,0,2,Gastrophryne carolinensis,number of individuals ,150,5,,-14.5,,,-14.5,-1.700598691,Web Plot Digitizer,consumption of competitors,See note,,,,Ponds,,,"Power labels this experiment as showing context dependence of the keystone nature of Notophthalamus despite the fact that the authors conclude “In our system of experimental ponds, the strong interaction between Siren and Notophthalmus density did not extend its effects to lower trophic levels, and the direct and indirect effects of Siren did not alter the role of Notophthalmus as a keystone predator.”",,TRUE,TRUE
Power et al.,1991,Fauth and Resetartis,Interactions between the salamander Siren intermedia and the keystone predator Notophthalmus viridescens,Yes,Keystone,1986,Duke Zoology Field Station,Experiment,Notophthalmus viridescens,number of individuals ,0,4,Rana utricularia,number of individuals ,275,45,,-1.277777778,,,-1.277777778,-0.452527152,Web Plot Digitizer,consumption of competitors,See note,,,,Ponds,,,"Power labels this experiment as showing context dependence of the keystone nature of Notophthalamus despite the fact that the authors conclude “In our system of experimental ponds, the strong interaction between Siren and Notophthalmus density did not extend its effects to lower trophic levels, and the direct and indirect effects of Siren did not alter the role of Notophthalmus as a keystone predator.”",,TRUE,TRUE
Power et al.,1991,Fauth and Resetartis,Interactions between the salamander Siren intermedia and the keystone predator Notophthalmus viridescens,Yes,Keystone,1986,Duke Zoology Field Station,Experiment,Notophthalmus viridescens,number of individuals ,0,4,Pseudacris crucifer,number of individuals ,100,20,,-1,,,-1,-0.4023594781,Web Plot Digitizer,consumption of competitors,See note,,,,Ponds,,,"Power labels this experiment as showing context dependence of the keystone nature of Notophthalamus despite the fact that the authors conclude “In our system of experimental ponds, the strong interaction between Siren and Notophthalmus density did not extend its effects to lower trophic levels, and the direct and indirect effects of Siren did not alter the role of Notophthalmus as a keystone predator.”",,TRUE,TRUE
Power et al.,1991,Fauth and Resetartis,Interactions between the salamander Siren intermedia and the keystone predator Notophthalmus viridescens,Yes,Keystone,1986,Duke Zoology Field Station,Experiment,Notophthalmus viridescens,number of individuals ,0,4,Bufo americanus,number of individuals ,25,1,,-6,,,-6,-0.8047189562,Web Plot Digitizer,consumption of competitors,See note,,,,Ponds,,,"Power labels this experiment as showing context dependence of the keystone nature of Notophthalamus despite the fact that the authors conclude “In our system of experimental ponds, the strong interaction between Siren and Notophthalmus density did not extend its effects to lower trophic levels, and the direct and indirect effects of Siren did not alter the role of Notophthalmus as a keystone predator.”",,TRUE,TRUE
Power et al.,1991,Fauth and Resetartis,Interactions between the salamander Siren intermedia and the keystone predator Notophthalmus viridescens,Yes,Keystone,1986,Duke Zoology Field Station,Experiment,Notophthalmus viridescens,number of individuals ,0,3,Rana utricularia,number of individuals ,275,35,,-2.285714286,,,-2.285714286,-0.6871410121,Web Plot Digitizer,consumption of competitors,See note,presence of sirens,,,Ponds,,,"Power labels this experiment as showing context dependence of the keystone nature of Notophthalamus despite the fact that the authors conclude “In our system of experimental ponds, the strong interaction between Siren and Notophthalmus density did not extend its effects to lower trophic levels, and the direct and indirect effects of Siren did not alter the role of Notophthalmus as a keystone predator.”",,TRUE,TRUE
Power et al.,1991,Fauth and Resetartis,Interactions between the salamander Siren intermedia and the keystone predator Notophthalmus viridescens,Yes,Keystone,1986,Duke Zoology Field Station,Experiment,Notophthalmus viridescens,number of individuals ,0,3,Pseudacris crucifer,number of individuals ,100,6,,-5.222222222,,,-5.222222222,-0.9378035723,Web Plot Digitizer,consumption of competitors,See note,presence of sirens,,,Ponds,,,"Power labels this experiment as showing context dependence of the keystone nature of Notophthalamus despite the fact that the authors conclude “In our system of experimental ponds, the strong interaction between Siren and Notophthalmus density did not extend its effects to lower trophic levels, and the direct and indirect effects of Siren did not alter the role of Notophthalmus as a keystone predator.”",,TRUE,TRUE
Power et al.,1991,Fauth and Resetartis,Interactions between the salamander Siren intermedia and the keystone predator Notophthalmus viridescens,Yes,Keystone,1986,Duke Zoology Field Station,Experiment,Notophthalmus viridescens,number of individuals ,0,5,Rana utricularia,number of individuals ,275,8,,-6.675,,,-6.675,-0.7074659112,Web Plot Digitizer,consumption of competitors,See note,presence of sirens,,,Ponds,,,"Power labels this experiment as showing context dependence of the keystone nature of Notophthalamus despite the fact that the authors conclude “In our system of experimental ponds, the strong interaction between Siren and Notophthalmus density did not extend its effects to lower trophic levels, and the direct and indirect effects of Siren did not alter the role of Notophthalmus as a keystone predator.”",,TRUE,TRUE
Power et al.,1991,Fauth and Resetartis,Interactions between the salamander Siren intermedia and the keystone predator Notophthalmus viridescens,Yes,Keystone,1986,Duke Zoology Field Station,Experiment,Notophthalmus viridescens,number of individuals ,0,5,Pseudacris crucifer,number of individuals ,100,4,,-4.8,,,-4.8,-0.643775165,Web Plot Digitizer,consumption of competitors,See note,presence of sirens,,,Ponds,,,"Power labels this experiment as showing context dependence of the keystone nature of Notophthalamus despite the fact that the authors conclude “In our system of experimental ponds, the strong interaction between Siren and Notophthalmus density did not extend its effects to lower trophic levels, and the direct and indirect effects of Siren did not alter the role of Notophthalmus as a keystone predator.”",,TRUE,TRUE
Rusty Crayfish,2004,"Wilson, et. al.",A long-term rusty crayfish (Orconectes rusticus) invasion: dispersal patterns and community change in a north temperate lake,Yes,Keystone,1979-1998,Northern Highlands Lake District of Wisconsin,Experiment,Orconectes rusticus,Crayfish trap-1,0.0092086,61.971,Macrophyte species,Biomass (g mass weight^-2),10.525,2.5932,,,-0.01951657197,-0.02260846101,-0.02260846101,-0.02260846101,Web Plot Digitizer,Competition,Eco,Food prefernce,Dispersal,Density,Mesotrophic lake,1608-ha,ha,,,TRUE,TRUE
Rusty Crayfish,2004,"Wilson, et. al.",A long-term rusty crayfish (Orconectes rusticus) invasion: dispersal patterns and community change in a north temperate lake,Yes,Keystone,1979-1998,Northern Highlands Lake District of Wisconsin,Experiment,Orconectes rusticus,Crayfish trap-1,0.066015,36.092,Micropterus dolomieu,Number gear type,1.8462,13.626,,,0.0422668593,0.05548356998,0.05548356998,0.05548356998,Web Plot Digitizer,Competition,Eco,Food prefernce,Dispersal,Density,Mesotrophic lake,1608-ha,ha,,,TRUE,TRUE
Rusty Crayfish,2004,"Wilson, et. al.",A long-term rusty crayfish (Orconectes rusticus) invasion: dispersal patterns and community change in a north temperate lake,Yes,Keystone,1979-1998,Northern Highlands Lake District of Wisconsin,Experiment,Orconectes rusticus,Crayfish trap-1,0.1050,39.8400,Lepomis gibbosus,Number gear type,6.14,0.154,,,-0.04787036647,-0.09275518859,-0.09275518859,-0.09275518859,Web Plot Digitizer,Competition,Eco,Food prefernce,Dispersal,Density,Mesotrophic lake,1608-ha,ha,,,TRUE,TRUE
Rusty Crayfish,2004,"Wilson, et. al.",A long-term rusty crayfish (Orconectes rusticus) invasion: dispersal patterns and community change in a north temperate lake,Yes,Keystone,1979-1998,Northern Highlands Lake District of Wisconsin,Experiment,Orconectes rusticus,Crayfish trap-1,0,36,Lepomis macrochirus,Number gear type,33.32,2.0044,,-0.4339841238,,,-0.4339841238,-0.07807814037,Web Plot Digitizer,Competition,Eco,Food prefernce,Dispersal,Density,Mesotrophic lake,1608-ha,ha,,,TRUE,TRUE
Rusty Crayfish,2004,"Wilson, et. al.",A long-term rusty crayfish (Orconectes rusticus) invasion: dispersal patterns and community change in a north temperate lake,Yes,Keystone,1979-1998,Northern Highlands Lake District of Wisconsin,Experiment,Orconectes rusticus,Crayfish trap-1,0.093093,35.793,Ambloplites rupestris,Number gear type,127.07,57.459,,,-0.02113373003,-0.02223161158,-0.02223161158,-0.02223161158,Web Plot Digitizer,Competition,Eco,Food prefernce,Dispersal,Density,Mesotrophic lake,1608-ha,ha,,,TRUE,TRUE
Rusty Crayfish,2004,"Wilson, et. al.",A long-term rusty crayfish (Orconectes rusticus) invasion: dispersal patterns and community change in a north temperate lake,Yes,Keystone,1979-1998,Northern Highlands Lake District of Wisconsin,Experiment,Orconectes rusticus,Crayfish trap-1,1.3314,35.94,Micropterus salmoides,Number gear type,6.0989,0.082418,,,-0.05624805368,-0.124363882,-0.124363882,-0.124363882,Web Plot Digitizer,Competition,Eco,Food prefernce,Dispersal,Density,Mesotrophic lake,1608-ha,ha,,,TRUE,TRUE
Power et al.,1992,Diehl,Fish predation and benthic community structure: the role of omnivory and habitat complexity,Yes,Keystone,June 1988,"Lund pelagic, enclosure without vegetation",Experiment,Perca fluvia,number of individuals ,0,1,non-molluscan invertebrates,biomass [g/m^2],0,2.3,,1,,,1,#NUM!,Web Plot Digitizer,consumption,Eco,presence of vegetation,predation,interaction strength,Lakes,,,,,TRUE,TRUE
Power et al.,1992,Diehl,Fish predation and benthic community structure: the role of omnivory and habitat complexity,Yes,Keystone,June 1988,"Lund littoral, enclosure with vegetation",Experiment,Perca fluvia,number of individuals ,0,1,non-molluscan invertebrates,biomass [g/m^2],0,1.3,,1,,,1,#NUM!,Web Plot Digitizer,consumption,Eco,presence of vegetation,predation,interaction strength,Lakes,,,,,TRUE,TRUE
Power et al.,1992,Diehl,Fish predation and benthic community structure: the role of omnivory and habitat complexity,Yes,Keystone,June 1988,"Lund pelagic, enclosure without vegetation",Experiment,Perca fluvia,number of individuals ,0,2,non-molluscan invertebrates,biomass [g/m^2],0,2.4,,0.5,,,0.5,#NUM!,Web Plot Digitizer,consumption,Eco,presence of vegetation,predation,interaction strength,Lakes,,,,,TRUE,TRUE
Power et al.,1992,Diehl,Fish predation and benthic community structure: the role of omnivory and habitat complexity,Yes,Keystone,June 1988,"Lund littoral, enclosure with vegetation",Experiment,Perca fluvia,number of individuals ,0,2,non-molluscan invertebrates,biomass [g/m^2],0,1.1,,0.5,,,0.5,#NUM!,Web Plot Digitizer,consumption,Eco,,,,Freshwater lakes,6,m2,,,TRUE,TRUE
Power et al.,1992,Diehl,Fish predation and benthic community structure: the role of omnivory and habitat complexity,Yes,Keystone,June 1988,"Lund pelagic, enclosure without vegetation",Experiment,Perca fluvia,number of individuals ,0,6,non-molluscan invertebrates,biomass [g/m^2],0,2.6,,0.1666666667,,,0.1666666667,#NUM!,Web Plot Digitizer,consumption,Eco,,,,Freshwater lakes,6,m2,,,TRUE,TRUE
Power et al.,1992,Diehl,Fish predation and benthic community structure: the role of omnivory and habitat complexity,Yes,Keystone,June 1988,"Lund littoral, enclosure with vegetation",Experiment,Perca fluvia,number of individuals ,0,6,non-molluscan invertebrates,biomass [g/m^2],0,1.7,,0.1666666667,,,0.1666666667,#NUM!,Web Plot Digitizer,consumption,Eco,,,,Freshwater lakes,6,m2,,,TRUE,TRUE
Power et al.,1992,Diehl,Fish predation and benthic community structure: the role of omnivory and habitat complexity,Yes,Keystone,July 1988,"Lund pelagic, enclosure without vegetation",Experiment,Perca fluvia,number of individuals ,0,1,non-molluscan invertebrates,biomass [g/m^2],0,2.3,,1,,,1,#NUM!,Web Plot Digitizer,consumption,Eco,,,,Freshwater lakes,6,m2,,,TRUE,TRUE
Power et al.,1992,Diehl,Fish predation and benthic community structure: the role of omnivory and habitat complexity,Yes,Keystone,July 1988,"Lund littoral, enclosure with vegetation",Experiment,Perca fluvia,number of individuals ,0,1,non-molluscan invertebrates,biomass [g/m^2],0,1.6,,1,,,1,#NUM!,Web Plot Digitizer,consumption,Eco,,,,Freshwater lakes,6,m2,,,TRUE,TRUE
Power et al.,1992,Diehl,Fish predation and benthic community structure: the role of omnivory and habitat complexity,Yes,Keystone,July 1988,"Lund pelagic, enclosure without vegetation",Experiment,Perca fluvia,number of individuals ,0,2,non-molluscan invertebrates,biomass [g/m^2],0,2.1,,0.5,,,0.5,#NUM!,Web Plot Digitizer,consumption,Eco,,,,Freshwater lakes,6,m2,,,TRUE,TRUE
Power et al.,1992,Diehl,Fish predation and benthic community structure: the role of omnivory and habitat complexity,Yes,Keystone,July 1988,"Lund littoral, enclosure with vegetation",Experiment,Perca fluvia,number of individuals ,0,2,non-molluscan invertebrates,biomass [g/m^2],0,0.6,,0.5,,,0.5,#NUM!,Web Plot Digitizer,consumption,Eco,,,,Freshwater lakes,6,m2,,,TRUE,TRUE
Power et al.,1992,Diehl,Fish predation and benthic community structure: the role of omnivory and habitat complexity,Yes,Keystone,July 1988,"Lund pelagic, enclosure without vegetation",Experiment,Perca fluvia,number of individuals ,0,6,non-molluscan invertebrates,biomass [g/m^2],0,2,,0.1666666667,,,0.1666666667,#NUM!,Web Plot Digitizer,consumption,Eco,,,,Freshwater lakes,6,m2,,,TRUE,TRUE
Power et al.,1992,Diehl,Fish predation and benthic community structure: the role of omnivory and habitat complexity,Yes,Keystone,July 1988,"Lund littoral, enclosure with vegetation",Experiment,Perca fluvia,number of individuals ,0,6,non-molluscan invertebrates,biomass [g/m^2],0,0.9,,0.1666666667,,,0.1666666667,#NUM!,Web Plot Digitizer,consumption,Eco,,,,Freshwater lakes,6,m2,,,TRUE,TRUE
Power et al.,1992,Diehl,Fish predation and benthic community structure: the role of omnivory and habitat complexity,Yes,Keystone,August 1988,"Lund pelagic, enclosure without vegetation",Experiment,Perca fluvia,number of individuals ,0,1,non-molluscan invertebrates,biomass [g/m^2],0,2.3,,1,,,1,#NUM!,Web Plot Digitizer,consumption,Eco,,,,Freshwater lakes,6,m2,,,TRUE,TRUE
Power et al.,1992,Diehl,Fish predation and benthic community structure: the role of omnivory and habitat complexity,Yes,Keystone,August 1988,"Lund littoral, enclosure with vegetation",Experiment,Perca fluvia,number of individuals ,0,1,non-molluscan invertebrates,biomass [g/m^2],0,1,,1,,,1,#NUM!,Web Plot Digitizer,consumption,Eco,,,,Freshwater lakes,6,m2,,,TRUE,TRUE
Power et al.,1992,Diehl,Fish predation and benthic community structure: the role of omnivory and habitat complexity,Yes,Keystone,August 1988,"Lund pelagic, enclosure without vegetation",Experiment,Perca fluvia,number of individuals ,0,2,non-molluscan invertebrates,biomass [g/m^2],0,1.3,,0.5,,,0.5,#NUM!,Web Plot Digitizer,consumption,Eco,,,,Freshwater lakes,6,m2,,,TRUE,TRUE
Power et al.,1992,Diehl,Fish predation and benthic community structure: the role of omnivory and habitat complexity,Yes,Keystone,August 1988,"Lund littoral, enclosure with vegetation",Experiment,Perca fluvia,number of individuals ,0,2,non-molluscan invertebrates,biomass [g/m^2],0,0.8,,0.5,,,0.5,#NUM!,Web Plot Digitizer,consumption,Eco,,,,Freshwater lakes,6,m2,,,TRUE,TRUE
Power et al.,1992,Diehl,Fish predation and benthic community structure: the role of omnivory and habitat complexity,Yes,Keystone,August 1988,"Lund pelagic, enclosure without vegetation",Experiment,Perca fluvia,number of individuals ,0,6,non-molluscan invertebrates,biomass [g/m^2],0,1.6,,0.1666666667,,,0.1666666667,#NUM!,Web Plot Digitizer,consumption,Eco,,,,Freshwater lakes,6,m2,,,TRUE,TRUE
Power et al.,1992,Diehl,Fish predation and benthic community structure: the role of omnivory and habitat complexity,Yes,Keystone,August 1988,"Lund littoral, enclosure with vegetation",Experiment,Perca fluvia,number of individuals ,0,6,non-molluscan invertebrates,biomass [g/m^2],0,0.8,,0.1666666667,,,0.1666666667,#NUM!,Web Plot Digitizer,consumption,Eco,,,,Freshwater lakes,6,m2,,,TRUE,TRUE
Pisaster AND predation,2000,Navarrete et al.,Species interactions in intertidal food webs: Prey or predation regulation of intermediate predators?,Yes,Keystone,Pre-study ,Mytilus absent,Experiment,Pisaster ochraceous,density (#/m^2),6.013514,6.977778,Nucella canaliculata,density (#/m^2),14.89796,5.510204,,,-0.9540956158,-1.031483748,-1.031483748,-1.031483748,,,,,,,Rocky intertidal,,,,,FALSE,FALSE
Pisaster AND predation,2000,Navarrete et al.,Species interactions in intertidal food webs: Prey or predation regulation of intermediate predators?,Yes,Keystone,Spring-Summer 1994,Mytilus absent,Experiment,Pisaster ochraceous,density (#/m^2),1.332,0.744,Nucella canaliculata,density (#/m^2),7.55102,7.55154,,,-0.000117113091,-0.000117113091,-0.000117113091,-0.000117113091,,,,,,,Rocky intertidal,,,,,FALSE,FALSE
Pisaster AND predation,2000,Navarrete et al.,Species interactions in intertidal food webs: Prey or predation regulation of intermediate predators?,Yes,Keystone,Winter 1994-5 ,Mytilus absent,Experiment ,Pisaster ochraceous,density (#/m^2),0.986,0.326,Nucella canaliculata,density (#/m^2),1.836735,1.22449,,,0.6060606061,0.6143410729,0.6143410729,0.6143410729,,,,,,,Rocky intertidal,,,,,FALSE,FALSE
Pisaster AND predation,2000,Navarrete et al.,Species interactions in intertidal food webs: Prey or predation regulation of intermediate predators?,Yes,Keystone,Spring-Summer 1995 ,Mytilus absent,Experiment,Pisaster ochraceous,density (#/m^2),1.419,0.439,Nucella canaliculata,density (#/m^2),7.755102,3.061224,,,0.8856374019,0.9485062381,0.9485062381,0.9485062381,,,,,,,Rocky intertidal,,,,,FALSE,FALSE
Pisaster AND predation,2000,Navarrete et al.,Species interactions in intertidal food webs: Prey or predation regulation of intermediate predators?,Yes,Keystone,Pre-study ,Mytilus present,Experiment,Pisaster ochraceous,density (#/m^2),7.094595,8.088889,Nucella canaliculata,density (#/m^2),12.04082,7.755102,,,-0.4354748058,-0.4424763647,-0.4424763647,-0.4424763647,,,,,,,Rocky intertidal,,,,,FALSE,FALSE
Pisaster AND predation,2000,Navarrete et al.,Species interactions in intertidal food webs: Prey or predation regulation of intermediate predators?,Yes,Keystone,Spring-Summer 1994 +M,Mytilus present,Experiment ,Pisaster ochraceous,density (#/m^2),5.463,0.756,Nucella canaliculata,density (#/m^2),35.30612,27.34694,,,0.05397738452,0.05427059282,0.05427059282,0.05427059282,,,,,,,Rocky intertidal,,,,,FALSE,FALSE
Pisaster AND predation,2000,Navarrete et al.,Species interactions in intertidal food webs: Prey or predation regulation of intermediate predators?,Yes,Keystone,Winter 1994-5 ,Mytilus present,Experiment,Pisaster ochraceous,density (#/m^2),0.932,0.852,Nucella canaliculata,density (#/m^2),13.87755,8.163265,,,6.481481061,6.632852688,6.632852688,6.632852688,,,,,,,Rocky intertidal,,,,,FALSE,FALSE
Pisaster AND predation,2000,Navarrete et al.,Species interactions in intertidal food webs: Prey or predation regulation of intermediate predators?,Yes,Keystone,Spring-Summer 1995 ,Mytilus present,Experiment ,Pisaster ochraceous,density (#/m^2),2.821,1.72,Nucella canaliculata,density (#/m^2),39.38776,24.89796,,,0.4094402704,0.4165933113,0.4165933113,0.4165933113,,,,,,,Rocky intertidal,,,,,FALSE,FALSE
Pisaster AND predation,2000,Navarrete et al.,Species interactions in intertidal food webs: Prey or predation regulation of intermediate predators?,Yes,Keystone,Pre-study ,Mytilus absent,Experiment,Pisaster ochraceous,density (#/m^2),6.013514,6.977778,Nucella emarginata,density (#/m^2),17.46535,21.0297,,,0.1920478712,0.1925995434,0.1925995434,0.1925995434,,,,,,,Rocky intertidal,,,,,FALSE,FALSE
Pisaster AND predation,2000,Navarrete et al.,Species interactions in intertidal food webs: Prey or predation regulation of intermediate predators?,Yes,Keystone,Spring-Summer 1994,Mytilus absent,Experiment ,Pisaster ochraceous,density (#/m^2),1.332,0.744,Nucella emarginata,density (#/m^2),28.15842,20.31683,,,0.5502204698,0.5550966244,0.5550966244,0.5550966244,,,,,,,Rocky intertidal,,,,,FALSE,FALSE
Pisaster AND predation,2000,Navarrete et al.,Species interactions in intertidal food webs: Prey or predation regulation of intermediate predators?,Yes,Keystone,Winter 1994-5 ,Mytilus absent,Experiment ,Pisaster ochraceous,density (#/m^2),0.986,0.326,Nucella emarginata,density (#/m^2),11.76238,7.841584,,,0.6060611007,0.6143415881,0.6143415881,0.6143415881,,,,,,,Rocky intertidal,,,,,FALSE,FALSE
Pisaster AND predation,2000,Navarrete et al.,Species interactions in intertidal food webs: Prey or predation regulation of intermediate predators?,Yes,Keystone,Spring-Summer 1995 ,Mytilus absent,Experiment,Pisaster ochraceous,density (#/m^2),1.419,0.439,Nucella emarginata,density (#/m^2),23.52475,22.45545,,,0.04746053514,0.04746909388,0.04746909388,0.04746909388,,,,,,,Rocky intertidal,,,,,FALSE,FALSE
Pisaster AND predation,2000,Navarrete et al.,Species interactions in intertidal food webs: Prey or predation regulation of intermediate predators?,Yes,Keystone,Pre-study ,Mytilus present,Experiment ,Pisaster ochraceous,density (#/m^2),7.094595,8.088889,Nucella emarginata,density (#/m^2),12.47525,20.31683,,,0.4810052202,0.4905017279,0.4905017279,0.4905017279,,,,,,,Rocky intertidal,,,,,FALSE,FALSE
Pisaster AND predation,2000,Navarrete et al.,Species interactions in intertidal food webs: Prey or predation regulation of intermediate predators?,Yes,Keystone,Spring-Summer 1994 +M,Mytilus present,Experiment,Pisaster ochraceous,density (#/m^2),5.463,0.756,Nucella emarginata,density (#/m^2),52.39604,67.72277,,,-0.05421560183,-0.05451273512,-0.05451273512,-0.05451273512,,,,,,,Rocky intertidal,,,,,FALSE,FALSE
Pisaster AND predation,2000,Navarrete et al.,Species interactions in intertidal food webs: Prey or predation regulation of intermediate predators?,Yes,Keystone,Winter 1994-5 ,Mytilus present,Experiment ,Pisaster ochraceous,density (#/m^2),0.932,0.852,Nucella emarginata,density (#/m^2),15.32673,18.89109,,,-2.604169406,-2.613650243,-2.613650243,-2.613650243,,,,,,,Rocky intertidal,,,,,FALSE,FALSE
Pisaster AND predation,2000,Navarrete et al.,Species interactions in intertidal food webs: Prey or predation regulation of intermediate predators?,Yes,Keystone,Spring-Summer 1995 ,Mytilus present,Experiment,Pisaster ochraceous,density (#/m^2),2.821,1.72,Nucella emarginata,density (#/m^2),31.0099,37.78218,,,-0.1788294914,-0.1794105854,-0.1794105854,-0.1794105854,,,,,,,Rocky intertidal,,,,,FALSE,FALSE
Power et al.,1994,Menge et al.,The Keystone Species Concept: Variation in Interaction Strength in a Rocky Intertidal Habitat,Yes,Keystone,1989-1993,Strawberry Hill,Experiment,Pisaster ochraceus,Wet Mass (g),9.9,499,Balanus glandula,% cover,4.8742,0.77285,,,-0.002969870636,-0.003765336918,-0.003765336918,-0.003765336918,Web Plot Digitizer,Consumption,Env,food preference,predation,density,Rocky intertidal,,,,,TRUE,TRUE
Power et al.,1994,Menge et al.,The Keystone Species Concept: Variation in Interaction Strength in a Rocky Intertidal Habitat,Yes,Keystone,1989-1993,Boiler Bay,Experiment,Pisaster ochraceus ,Wet Mass (g),9.9,499,Balanus glandula,% cover,27.144,1.125,,,-0.00376367824,-0.006508634209,-0.006508634209,-0.006508634209,Web Plot Digitizer,Consumption,Env,food preference,predation,density,Rocky intertidal,,,,,TRUE,TRUE
Power et al.,1985,Harrold and Reed,"Food Availability, Sea Urchin Grazing, and Kelp Forest Community Structure",Yes,Keystone,1980-1982,San Nicolas Island ,Comparative study,Strongylocentrotus franciscanus,"density, individuals/20m^2",100.6,156.6,Laminaria,"density, individuals/20m^2",9,3,,,-0.01785714286,-0.01961807658,-0.01961807658,-0.01961807658,Web Plot Digitizer,consumption,Eco,drift kelp abundance,food preference,interaction strength,kelp forest,,,,,TRUE,TRUE
Power et al.,1985,Harrold and Reed,"Food Availability, Sea Urchin Grazing, and Kelp Forest Community Structure",Yes,Keystone,1980-1982,San Nicolas Island ,Comparative study,Strongylocentrotus franciscanus,"density, individuals/20m^2",100.6,156.6,G.Pterygophora california,"density, individuals/20m^2",9,2.8,,,-0.01876513317,-0.02085009215,-0.02085009215,-0.02085009215,Web Plot Digitizer,consumption,Eco,drift kelp abundance,food preference,interaction strength,kelp forest,,,,,TRUE,TRUE
Power et al.,1985,Harrold and Reed,"Food Availability, Sea Urchin Grazing, and Kelp Forest Community Structure",Yes,Keystone,1980-1982,San Nicolas Island Barren Site,Comparative study,Strongylocentrotus franciscanus,"density, individuals/20m^2",100.6,156.6,Cystoseira osmundacea,"density, individuals/20m^2",86,44.8,,,-0.01124945391,-0.01164534209,-0.01164534209,-0.01164534209,Web Plot Digitizer,consumption,Eco,drift kelp abundance,food preference,interaction strength,kelp forest,,,,,TRUE,TRUE
Power et al.,1976,Menge,"Organization of the New England Rocky Intertidal Community: Role of Predation, Competition, and Environmental Heterogeneity",Yes,Keystone,1972-1975,Pemaquid Point High ,Experiment,Thais lapillus,density (no./m^2),8,0,Balanus balanoides,% cover,48.2,67.4,-0.04979253112,,,,-0.04979253112,-0.04191074961,Web Plot Digitizer,consumption,Env,waves,dispersal,density,Rocky intertidal,,,,,TRUE,TRUE
Power et al.,1976,Menge,"Organization of the New England Rocky Intertidal Community: Role of Predation, Competition, and Environmental Heterogeneity",Yes,Keystone,1972-1975,Chamberlain High,Experiment,Thais lapillus,density (no./m^2),20,0,Balanus balanoides,% cover,27,69.5,-0.0787037037,,,,-0.0787037037,-0.04727449433,Web Plot Digitizer,consumption,Env,waves,dispersal,density,Rocky intertidal,,,,,TRUE,TRUE
Power et al.,1976,Menge,"Organization of the New England Rocky Intertidal Community: Role of Predation, Competition, and Environmental Heterogeneity",Yes,Keystone,1972-1975,Little Brewster Cove High,Experiment,Thais lapillus,density (no./m^2),16,0,Balanus balanoides,% cover,65.75,65.125,0.0005941064639,,,,0.0005941064639,0.0005969481865,Web Plot Digitizer,consumption,Env,waves,dispersal,density,Rocky intertidal,,,,,TRUE,TRUE
Power et al.,1976,Menge,"Organization of the New England Rocky Intertidal Community: Role of Predation, Competition, and Environmental Heterogeneity",Yes,Keystone,1972-1975,Grindstone Neck High,Experiment,Thais lapillus,density (no./m^2),32,0,Balanus balanoides,% cover,49.9,87.3,-0.02342184369,,,,-0.02342184369,-0.01747904563,Web Plot Digitizer,consumption,Env,waves,dispersal,density,Rocky intertidal,,,,,TRUE,TRUE
Power et al.,1976,Menge,"Organization of the New England Rocky Intertidal Community: Role of Predation, Competition, and Environmental Heterogeneity",Yes,Keystone,1972-1975,Pemaquid Point Mid,Experiment,Thais lapillus,density (no./m^2),80,0,Mytilus edulis,% cover,1,1.17,-0.002125,,,,-0.002125,-0.00196254686,Web Plot Digitizer,consumption,Env,waves,dispersal,density,Rocky intertidal,,,,,TRUE,TRUE
Power et al.,1976,Menge,"Organization of the New England Rocky Intertidal Community: Role of Predation, Competition, and Environmental Heterogeneity",Yes,Keystone,1972-1975,Chamberlain Mid,Experiment,Thais lapillus,density (no./m^2),36,0,Mytilus edulis,% cover,9.125,30,-0.06354642314,,,,-0.06354642314,-0.03306054117,Web Plot Digitizer,consumption,Env,waves,dispersal,density,Rocky intertidal,,,,,TRUE,TRUE
Power et al.,1976,Menge,"Organization of the New England Rocky Intertidal Community: Role of Predation, Competition, and Environmental Heterogeneity",Yes,Keystone,1972-1975,Little Brewster Cove Mid,Experiment,Thais lapillus,density (no./m^2),72,0,Mytilus edulis,% cover,1.33,57.9,-0.5907477026,,,,-0.5907477026,-0.05241025614,Web Plot Digitizer,consumption,Env,waves,dispersal,density,Rocky intertidal,,,,,TRUE,TRUE
Thais lapillus,1961,Connell,"Effects of Competition, Predation by Thais lapillus, and Other Factors on the Natural Populations of the Barnacle Balanus balanoides",Yes,Keystone,June 1954,"Area 3, Boulder 1; Farland point",Experiment ,Thais lapillus,density (no./m^2),9,0,Balanus balanoides,%mortality/month,2,0,0.1111111111,,,,0.1111111111,#NUM!,Table in paper,Predation,Eco,waves,,,Rocky intertidal,,,,,TRUE,TRUE
Thais lapillus,1961,Connell,"Effects of Competition, Predation by Thais lapillus, and Other Factors on the Natural Populations of the Barnacle Balanus balanoides",Yes,Keystone,July 1954,"Area 3, Boulder 1; Farland point",Experiment ,Thais lapillus,density (no./m^2),89,0,Balanus balanoides,%mortality/month,10,0,0.01123595506,,,,0.01123595506,#NUM!,Table in paper,Predation,Eco,waves,,,Rocky intertidal,,,,,TRUE,TRUE
Thais lapillus,1961,Connell,"Effects of Competition, Predation by Thais lapillus, and Other Factors on the Natural Populations of the Barnacle Balanus balanoides",Yes,Keystone,October 1954,"Area 3, Boulder 1; Farland point",Experiment ,Thais lapillus,density (no./m^2),162,0,Balanus balanoides,%mortality/month,27,0,0.006172839506,,,,0.006172839506,#NUM!,Table in paper,Predation,Eco,waves,,,Rocky intertidal,,,,,TRUE,TRUE
Thais lapillus,1961,Connell,"Effects of Competition, Predation by Thais lapillus, and Other Factors on the Natural Populations of the Barnacle Balanus balanoides",Yes,Keystone,November 1954,"Area 3, Boulder 1; Farland point",Experiment ,Thais lapillus,density (no./m^2),74,0,Balanus balanoides,%mortality/month,19,0,0.01351351351,,,,0.01351351351,#NUM!,Table in paper,Predation,Eco,waves,,,Rocky intertidal,,,,,TRUE,TRUE
Thais lapillus,1961,Connell,"Effects of Competition, Predation by Thais lapillus, and Other Factors on the Natural Populations of the Barnacle Balanus balanoides",Yes,Keystone,January 1955,"Area 3, Boulder 1; Farland point",Experiment ,Thais lapillus,density (no./m^2),12,0,Balanus balanoides,%mortality/month,7,0,0.08333333333,,,,0.08333333333,#NUM!,Table in paper,Predation,Eco,waves,,,Rocky intertidal,,,,,TRUE,TRUE
Thais lapillus,1961,Connell,"Effects of Competition, Predation by Thais lapillus, and Other Factors on the Natural Populations of the Barnacle Balanus balanoides",Yes,Keystone,February 1955,"Area 3, Boulder 1; Farland point",Experiment ,Thais lapillus,density (no./m^2),28,0,Balanus balanoides,%mortality/month,5,0,0.03571428571,,,,0.03571428571,#NUM!,Table in paper,Predation,Eco,waves,,,Rocky intertidal,,,,,TRUE,TRUE
Thais lapillus,1961,Connell,"Effects of Competition, Predation by Thais lapillus, and Other Factors on the Natural Populations of the Barnacle Balanus balanoides",Yes,Keystone,April 1955,"Area 3, Boulder 1; Farland point",Experiment ,Thais lapillus,density (no./m^2),77,0,Balanus balanoides,%mortality/month,36,0,0.01298701299,,,,0.01298701299,#NUM!,Table in paper,Predation,Eco,waves,,,Rocky intertidal,,,,,TRUE,TRUE
Thais lapillus,1961,Connell,"Effects of Competition, Predation by Thais lapillus, and Other Factors on the Natural Populations of the Barnacle Balanus balanoides",Yes,Keystone,June 1954,"Area 3, Boulder 2; Farland point",Experiment ,Thais lapillus,density (no./m^2),3,0,Balanus balanoides,%mortality/month,7,0,0.3333333333,,,,0.3333333333,#NUM!,Table in paper,Predation,Eco,waves,,,Rocky intertidal,,,,,TRUE,TRUE
Thais lapillus,1961,Connell,"Effects of Competition, Predation by Thais lapillus, and Other Factors on the Natural Populations of the Barnacle Balanus balanoides",Yes,Keystone,July 1954,"Area 3, Boulder 2; Farland point",Experiment ,Thais lapillus,density (no./m^2),93,0,Balanus balanoides,%mortality/month,12,0,0.01075268817,,,,0.01075268817,#NUM!,Table in paper,Predation,Eco,waves,,,Rocky intertidal,,,,,TRUE,TRUE
Thais lapillus,1961,Connell,"Effects of Competition, Predation by Thais lapillus, and Other Factors on the Natural Populations of the Barnacle Balanus balanoides",Yes,Keystone,October 1954,"Area 3, Boulder 2; Farland point",Experiment ,Thais lapillus,density (no./m^2),66,0,Balanus balanoides,%mortality/month,16,0,0.01515151515,,,,0.01515151515,#NUM!,Table in paper,Predation,Eco,waves,,,Rocky intertidal,,,,,TRUE,TRUE
Thais lapillus,1961,Connell,"Effects of Competition, Predation by Thais lapillus, and Other Factors on the Natural Populations of the Barnacle Balanus balanoides",Yes,Keystone,November 1954,"Area 3, Boulder 2; Farland point",Experiment ,Thais lapillus,density (no./m^2),61,0,Balanus balanoides,%mortality/month,13,0,0.01639344262,,,,0.01639344262,#NUM!,Table in paper,Predation,Eco,waves,,,Rocky intertidal,,,,,TRUE,TRUE
Thais lapillus,1961,Connell,"Effects of Competition, Predation by Thais lapillus, and Other Factors on the Natural Populations of the Barnacle Balanus balanoides",Yes,Keystone,January 1955,"Area 3, Boulder 2; Farland point",Experiment ,Thais lapillus,density (no./m^2),11,0,Balanus balanoides,%mortality/month,24,0,0.09090909091,,,,0.09090909091,#NUM!,Table in paper,Predation,Eco,waves,,,Rocky intertidal,,,,,TRUE,TRUE
Thais lapillus,1961,Connell,"Effects of Competition, Predation by Thais lapillus, and Other Factors on the Natural Populations of the Barnacle Balanus balanoides",Yes,Keystone,February 1955,"Area 3, Boulder 2; Farland point",Experiment ,Thais lapillus,density (no./m^2),78,0,Balanus balanoides,%mortality/month,51,0,0.01282051282,,,,0.01282051282,#NUM!,Table in paper,Predation,Eco,waves,,,Rocky intertidal,,,,,TRUE,TRUE
Thais lapillus,1961,Connell,"Effects of Competition, Predation by Thais lapillus, and Other Factors on the Natural Populations of the Barnacle Balanus balanoides",Yes,Keystone,April 1955,"Area 3, Boulder 2; Farland point",Experiment ,Thais lapillus,density (no./m^2),45,0,Balanus balanoides,%mortality/month,32,0,0.02222222222,,,,0.02222222222,#NUM!,Table in paper,Predation,Eco,waves,,,Rocky intertidal,,,,,TRUE,TRUE
Thais lapillus,1961,Connell,"Effects of Competition, Predation by Thais lapillus, and Other Factors on the Natural Populations of the Barnacle Balanus balanoides",Yes,Keystone,June 1954,"Area 3, Boulder 6a; Farland point",Experiment ,Thais lapillus,density (no./m^2),5,0,Balanus balanoides,%mortality/month,5,0,0.2,,,,0.2,#NUM!,Table in paper,Predation,Eco,waves,,,Rocky intertidal,,,,,TRUE,TRUE
Thais lapillus,1961,Connell,"Effects of Competition, Predation by Thais lapillus, and Other Factors on the Natural Populations of the Barnacle Balanus balanoides",Yes,Keystone,July 1954,"Area 3, Boulder 6a; Farland point",Experiment ,Thais lapillus,density (no./m^2),1,0,Balanus balanoides,%mortality/month,13,0,1,,,,1,#NUM!,Table in paper,Predation,Eco,waves,,,Rocky intertidal,,,,,TRUE,TRUE
Thais lapillus,1961,Connell,"Effects of Competition, Predation by Thais lapillus, and Other Factors on the Natural Populations of the Barnacle Balanus balanoides",Yes,Keystone,October 1954,"Area 3, Boulder 6a; Farland point",Experiment ,Thais lapillus,density (no./m^2),221,0,Balanus balanoides,%mortality/month,62,0,0.004524886878,,,,0.004524886878,#NUM!,Table in paper,Predation,Eco,waves,,,Rocky intertidal,,,,,TRUE,TRUE
Thais lapillus,1961,Connell,"Effects of Competition, Predation by Thais lapillus, and Other Factors on the Natural Populations of the Barnacle Balanus balanoides",Yes,Keystone,November 1954,"Area 3, Boulder 6a; Farland point",Experiment ,Thais lapillus,density (no./m^2),9,0,Balanus balanoides,%mortality/month,21,0,0.1111111111,,,,0.1111111111,#NUM!,Table in paper,Predation,Eco,waves,,,Rocky intertidal,,,,,TRUE,TRUE
Thais lapillus,1961,Connell,"Effects of Competition, Predation by Thais lapillus, and Other Factors on the Natural Populations of the Barnacle Balanus balanoides",Yes,Keystone,January 1955,"Area 3, Boulder 6a; Farland point",Experiment ,Thais lapillus,density (no./m^2),3,0,Balanus balanoides,%mortality/month,14,0,0.3333333333,,,,0.3333333333,#NUM!,Table in paper,Predation,Eco,waves,,,Rocky intertidal,,,,,TRUE,TRUE
Thais lapillus,1961,Connell,"Effects of Competition, Predation by Thais lapillus, and Other Factors on the Natural Populations of the Barnacle Balanus balanoides",Yes,Keystone,February 1955,"Area 3, Boulder 6a; Farland point",Experiment ,Thais lapillus,density (no./m^2),6,0,Balanus balanoides,%mortality/month,11,0,0.1666666667,,,,0.1666666667,#NUM!,Table in paper,Predation,Eco,waves,,,Rocky intertidal,,,,,TRUE,TRUE
Thais lapillus,1961,Connell,"Effects of Competition, Predation by Thais lapillus, and Other Factors on the Natural Populations of the Barnacle Balanus balanoides",Yes,Keystone,April 1955,"Area 3, Boulder 6a; Farland point",Experiment ,Thais lapillus,density (no./m^2),12,0,Balanus balanoides,%mortality/month,31,0,0.08333333333,,,,0.08333333333,#NUM!,Table in paper,Predation,Eco,waves,,,Rocky intertidal,,,,,TRUE,TRUE
Thais lapillus,1961,Connell,"Effects of Competition, Predation by Thais lapillus, and Other Factors on the Natural Populations of the Barnacle Balanus balanoides",Yes,Keystone,June 1954,"Area 3, Boulder 6b; Farland point",Experiment ,Thais lapillus,density (no./m^2),5,0,Balanus balanoides,%mortality/month,1,0,0.2,,,,0.2,#NUM!,Table in paper,Predation,Eco,waves,,,Rocky intertidal,,,,,TRUE,TRUE
Thais lapillus,1961,Connell,"Effects of Competition, Predation by Thais lapillus, and Other Factors on the Natural Populations of the Barnacle Balanus balanoides",Yes,Keystone,July 1954,"Area 3, Boulder 6b; Farland point",Experiment ,Thais lapillus,density (no./m^2),1,0,Balanus balanoides,%mortality/month,6,0,1,,,,1,#NUM!,Table in paper,Predation,Eco,waves,,,Rocky intertidal,,,,,TRUE,TRUE
Thais lapillus,1961,Connell,"Effects of Competition, Predation by Thais lapillus, and Other Factors on the Natural Populations of the Barnacle Balanus balanoides",Yes,Keystone,October 1954,"Area 3, Boulder 6b; Farland point",Experiment ,Thais lapillus,density (no./m^2),221,0,Balanus balanoides,%mortality/month,70,0,0.004524886878,,,,0.004524886878,#NUM!,Table in paper,Predation,Eco,waves,,,Rocky intertidal,,,,,TRUE,TRUE
Thais lapillus,1961,Connell,"Effects of Competition, Predation by Thais lapillus, and Other Factors on the Natural Populations of the Barnacle Balanus balanoides",Yes,Keystone,November 1954,"Area 3, Boulder 6b; Farland point",Experiment ,Thais lapillus,density (no./m^2),9,0,Balanus balanoides,%mortality/month,1,0,0.1111111111,,,,0.1111111111,#NUM!,Table in paper,Predation,Eco,waves,,,Rocky intertidal,,,,,TRUE,TRUE
Thais lapillus,1961,Connell,"Effects of Competition, Predation by Thais lapillus, and Other Factors on the Natural Populations of the Barnacle Balanus balanoides",Yes,Keystone,February 1955,"Area 3, Boulder 6b; Farland point",Experiment ,Thais lapillus,density (no./m^2),4,0,Balanus balanoides,%mortality/month,4,0,0.25,,,,0.25,#NUM!,Table in paper,Predation,Eco,waves,,,Rocky intertidal,,,,,TRUE,TRUE
Thais lapillus,1961,Connell,"Effects of Competition, Predation by Thais lapillus, and Other Factors on the Natural Populations of the Barnacle Balanus balanoides",Yes,Keystone,April 1955,"Area 3, Boulder 6b; Farland point",Experiment ,Thais lapillus,density (no./m^2),12,0,Balanus balanoides,%mortality/month,12,0,0.08333333333,,,,0.08333333333,#NUM!,Table in paper,Predation,Eco,waves,,,Rocky intertidal,,,,,TRUE,TRUE
Thais lapillus,1978,Menge,"Predation Intensity in a Rocky Intertidal Community. Effect of an Algal Canopy, Wave Action and Desiccation on Predator Feeding Rates",Yes,Keystone,May 1975,Pemaquid Point No Canopy 0m,Experiment,Thais lapillus,density (no./0.25m^2),94,0,mussels and barnacles,%cover,35.48,42.58,-0.002128858932,,,,-0.002128858932,-0.001940590447,,Predation,Eco,waves,,,Rocky intertidal,,,,,FALSE,FALSE
Thais lapillus,1978,Menge,"Predation Intensity in a Rocky Intertidal Community. Effect of an Algal Canopy, Wave Action and Desiccation on Predator Feeding Rates",Yes,Keystone,August 1975,Pemaquid Point No Canopy 0m,Experiment ,Thais lapillus,density (no./0.25m^2),90,0,mussels and barnacles,%cover,100,100,0,,,,0,0,,Predation,Eco,waves,,,Rocky intertidal,,,,,FALSE,FALSE
Thais lapillus,1978,Menge,"Predation Intensity in a Rocky Intertidal Community. Effect of an Algal Canopy, Wave Action and Desiccation on Predator Feeding Rates",Yes,Keystone,September 1975,Pemaquid Point No Canopy 0m,Experiment,Thais lapillus,density (no./0.25m^2),156,0,mussels and barnacles,%cover,99.35,98.71,0.00004129405237,,,,0.00004129405237,0.00004142763185,,Predation,Eco,waves,,,Rocky intertidal,,,,,FALSE,FALSE
Thais lapillus,1978,Menge,"Predation Intensity in a Rocky Intertidal Community. Effect of an Algal Canopy, Wave Action and Desiccation on Predator Feeding Rates",Yes,Keystone,November 1975,Pemaquid Point No Canopy 0m,Experiment ,Thais lapillus,density (no./0.25m^2),23,0,mussels and barnacles,%cover,98.71,98.71,0,,,,0,0,,Predation,Eco,waves,,,Rocky intertidal,,,,,FALSE,FALSE
Thais lapillus,1978,Menge,"Predation Intensity in a Rocky Intertidal Community. Effect of an Algal Canopy, Wave Action and Desiccation on Predator Feeding Rates",Yes,Keystone,May 1975,Pemaquid Point No Canopy 1m,Experiment ,Thais lapillus,density (no./0.25m^2),1,0,mussels and barnacles,%cover,35.48387,52.25806,-0.4727271856,,,,-0.4727271856,-0.3871159103,,Predation,Eco,waves,,,Rocky intertidal,,,,,FALSE,FALSE
Thais lapillus,1978,Menge,"Predation Intensity in a Rocky Intertidal Community. Effect of an Algal Canopy, Wave Action and Desiccation on Predator Feeding Rates",Yes,Keystone,August 1975,Pemaquid Point No Canopy 1m,Experiment,Thais lapillus,density (no./0.25m^2),41,0,mussels and barnacles,%cover,97.41935,95.48387,0.0004845734371,,,,0.0004845734371,0.0004894517931,,Predation,Eco,waves,,,Rocky intertidal,,,,,FALSE,FALSE
Thais lapillus,1978,Menge,"Predation Intensity in a Rocky Intertidal Community. Effect of an Algal Canopy, Wave Action and Desiccation on Predator Feeding Rates",Yes,Keystone,September 1975,Pemaquid Point No Canopy 1m,Experiment ,Thais lapillus,density (no./0.25m^2),28,0,mussels and barnacles,%cover,92.25806,99.35484,-0.002747255129,,,,-0.002747255129,-0.002646715503,,Predation,Eco,waves,,,Rocky intertidal,,,,,FALSE,FALSE
Thais lapillus,1978,Menge,"Predation Intensity in a Rocky Intertidal Community. Effect of an Algal Canopy, Wave Action and Desiccation on Predator Feeding Rates",Yes,Keystone,November 1975,Pemaquid Point No Canopy 1m,Experiment,Thais lapillus,density (no./0.25m^2),4,0,mussels and barnacles,%cover,85.16129,94.83871,-0.02840909291,,,,-0.02840909291,-0.02690766785,,Predation,Eco,waves,,,Rocky intertidal,,,,,FALSE,FALSE
Thais lapillus,1978,Menge,"Predation Intensity in a Rocky Intertidal Community. Effect of an Algal Canopy, Wave Action and Desiccation on Predator Feeding Rates",Yes,Keystone,May 1975,Pemaquid Point Canopy 0m,Experiment,Thais lapillus,density (no./0.25m^2),95,0,mussels and barnacles,%cover,92.30769,55.38462,0.004210525632,,,,0.004210525632,0.005377110689,,Predation,Eco,waves,,,Rocky intertidal,,,,,FALSE,FALSE
Thais lapillus,1978,Menge,"Predation Intensity in a Rocky Intertidal Community. Effect of an Algal Canopy, Wave Action and Desiccation on Predator Feeding Rates",Yes,Keystone,August 1975,Pemaquid Point Canopy 0m,Experiment ,Thais lapillus,density (no./0.25m^2),90,0,mussels and barnacles,%cover,97.14286,92.74725,0.0005027658349,,,,0.0005027658349,0.0005144958564,,Predation,Eco,waves,,,Rocky intertidal,,,,,FALSE,FALSE
Thais lapillus,1978,Menge,"Predation Intensity in a Rocky Intertidal Community. Effect of an Algal Canopy, Wave Action and Desiccation on Predator Feeding Rates",Yes,Keystone,September 1975,Pemaquid Point Canopy 0m,Experiment,Thais lapillus,density (no./0.25m^2),156,0,mussels and barnacles,%cover,97.58242,93.18681,0.0002887506498,,,,0.0002887506498,0.0002954561934,,Predation,Eco,waves,,,Rocky intertidal,,,,,FALSE,FALSE
Thais lapillus,1978,Menge,"Predation Intensity in a Rocky Intertidal Community. Effect of an Algal Canopy, Wave Action and Desiccation on Predator Feeding Rates",Yes,Keystone,October 1975,Pemaquid Point Canopy 0m,Experiment ,Thais lapillus,density (no./0.25m^2),11,0,mussels and barnacles,%cover,82.63736,91.42857,-0.009671181522,,,,-0.009671181522,-0.00919055756,,Predation,Eco,waves,,,Rocky intertidal,,,,,FALSE,FALSE
Thais lapillus,1978,Menge,"Predation Intensity in a Rocky Intertidal Community. Effect of an Algal Canopy, Wave Action and Desiccation on Predator Feeding Rates",Yes,Keystone,November 1975,Pemaquid Point Canopy 0m,Experiment,Thais lapillus,density (no./0.25m^2),23,0,mussels and barnacles,%cover,85.71428,97.14286,-0.005797106184,,,,-0.005797106184,-0.005441879958,,Predation,Eco,waves,,,Rocky intertidal,,,,,FALSE,FALSE
Thais lapillus,1978,Menge,"Predation Intensity in a Rocky Intertidal Community. Effect of an Algal Canopy, Wave Action and Desiccation on Predator Feeding Rates",Yes,Keystone,May 1975,Pemaquid Point Canopy 1m,Experiment,Thais lapillus,density (no./0.25m^2),1,0,mussels and barnacles,%cover,51.42857,54.06593,-0.05128200142,,,,-0.05128200142,-0.05001037315,,Predation,Eco,waves,,,Rocky intertidal,,,,,FALSE,FALSE
Thais lapillus,1978,Menge,"Predation Intensity in a Rocky Intertidal Community. Effect of an Algal Canopy, Wave Action and Desiccation on Predator Feeding Rates",Yes,Keystone,August 1975,Pemaquid Point Canopy 1m,Experiment ,Thais lapillus,density (no./0.25m^2),41,0,mussels and barnacles,%cover,94.50549,94.94505,-0.0001134428869,,,,-0.0001134428869,-0.0001131798816,,Predation,Eco,waves,,,Rocky intertidal,,,,,FALSE,FALSE
Thais lapillus,1978,Menge,"Predation Intensity in a Rocky Intertidal Community. Effect of an Algal Canopy, Wave Action and Desiccation on Predator Feeding Rates",Yes,Keystone,September 1975,Pemaquid Point Canopy 1m,Experiment,Thais lapillus,density (no./0.25m^2),28,0,mussels and barnacles,%cover,97.58242,98.02198,-0.000160874996,,,,-0.000160874996,-0.0001605137497,,Predation,Eco,waves,,,Rocky intertidal,,,,,FALSE,FALSE
Thais lapillus,1978,Menge,"Predation Intensity in a Rocky Intertidal Community. Effect of an Algal Canopy, Wave Action and Desiccation on Predator Feeding Rates",Yes,Keystone,October 1975,Pemaquid Point Canopy 1m,Experiment ,Thais lapillus,density (no./0.25m^2),4.5,0,mussels and barnacles,%cover,98.02198,98.02198,0,,,,0,0,,Predation,Eco,waves,,,Rocky intertidal,,,,,FALSE,FALSE
Thais lapillus,1978,Menge,"Predation Intensity in a Rocky Intertidal Community. Effect of an Algal Canopy, Wave Action and Desiccation on Predator Feeding Rates",Yes,Keystone,November 1975,Pemaquid Point Canopy 1m,Experiment,Thais lapillus,density (no./0.25m^2),4,0,mussels and barnacles,%cover,97.14286,98.02198,-0.00226244111,,,,-0.00226244111,-0.002252265177,,Predation,Eco,waves,,,Rocky intertidal,,,,,FALSE,FALSE
Thais lapillus,1978,Menge,"Predation Intensity in a Rocky Intertidal Community. Effect of an Algal Canopy, Wave Action and Desiccation on Predator Feeding Rates",Yes,Keystone,May 1975,Pemaquid Point Canopy 2m,Experiment,Thais lapillus,density (no./0.25m^2),2,0,mussels and barnacles,%cover,54.94505,54.06593,0.00799999272,,,,0.00799999272,0.008064683567,,Predation,Eco,waves,,,Rocky intertidal,,,,,FALSE,FALSE
Thais lapillus,1978,Menge,"Predation Intensity in a Rocky Intertidal Community. Effect of an Algal Canopy, Wave Action and Desiccation on Predator Feeding Rates",Yes,Keystone,August 1975,Pemaquid Point Canopy 2m,Experiment ,Thais lapillus,density (no./0.25m^2),26,0,mussels and barnacles,%cover,78.68132,94.94505,-0.007950147213,,,,-0.007950147213,-0.007226635885,,Predation,Eco,waves,,,Rocky intertidal,,,,,FALSE,FALSE
Thais lapillus,1978,Menge,"Predation Intensity in a Rocky Intertidal Community. Effect of an Algal Canopy, Wave Action and Desiccation on Predator Feeding Rates",Yes,Keystone,September 1975,Pemaquid Point Canopy 2m,Experiment,Thais lapillus,density (no./0.25m^2),13,0,mussels and barnacles,%cover,92.74725,97.58242,-0.004010212204,,,,-0.004010212204,-0.003909177138,,Predation,Eco,waves,,,Rocky intertidal,,,,,FALSE,FALSE
Thais lapillus,1978,Menge,"Predation Intensity in a Rocky Intertidal Community. Effect of an Algal Canopy, Wave Action and Desiccation on Predator Feeding Rates",Yes,Keystone,October 1975,Pemaquid Point Canopy 2m,Experiment ,Thais lapillus,density (no./0.25m^2),2.5,0,mussels and barnacles,%cover,89.23077,98.02198,-0.03940887207,,,,-0.03940887207,-0.03758632159,,Predation,Eco,waves,,,Rocky intertidal,,,,,FALSE,FALSE
Thais lapillus,1978,Menge,"Predation Intensity in a Rocky Intertidal Community. Effect of an Algal Canopy, Wave Action and Desiccation on Predator Feeding Rates",Yes,Keystone,May 1975,Little Brewster Cove No Canopy 0m,Experiment,Thais lapillus,density (no./0.25m^2),8,0,mussels and barnacles,%cover,50.43478,90.43478,-0.09913793616,,,,-0.09913793616,-0.07299348893,,Predation,Eco,waves,,,Rocky intertidal,,,,,FALSE,FALSE
Thais lapillus,1978,Menge,"Predation Intensity in a Rocky Intertidal Community. Effect of an Algal Canopy, Wave Action and Desiccation on Predator Feeding Rates",Yes,Keystone,June 1975,Little Brewster Cove No Canopy 0m,Experiment ,Thais lapillus,density (no./0.25m^2),32,0,mussels and barnacles,%cover,30.86957,87.3913,-0.05721829175,,,,-0.05721829175,-0.03251952582,,Predation,Eco,waves,,,Rocky intertidal,,,,,FALSE,FALSE
Thais lapillus,1978,Menge,"Predation Intensity in a Rocky Intertidal Community. Effect of an Algal Canopy, Wave Action and Desiccation on Predator Feeding Rates",Yes,Keystone,July 1975,Little Brewster Cove No Canopy 0m,Experiment,Thais lapillus,density (no./0.25m^2),11,0,mussels and barnacles,%cover,7.826087,93.47826,-0.9949494788,,,,-0.9949494788,-0.2254787505,,Predation,Eco,waves,,,Rocky intertidal,,,,,FALSE,FALSE
Thais lapillus,1978,Menge,"Predation Intensity in a Rocky Intertidal Community. Effect of an Algal Canopy, Wave Action and Desiccation on Predator Feeding Rates",Yes,Keystone,August 1975,Little Brewster Cove No Canopy 0m,Experiment ,Thais lapillus,density (no./0.25m^2),16,0,mussels and barnacles,%cover,7.826087,92.17391,-0.6736110827,,,,-0.6736110827,-0.1541384049,,Predation,Eco,waves,,,Rocky intertidal,,,,,FALSE,FALSE
Thais lapillus,1978,Menge,"Predation Intensity in a Rocky Intertidal Community. Effect of an Algal Canopy, Wave Action and Desiccation on Predator Feeding Rates",Yes,Keystone,September 1975,Little Brewster Cove No Canopy 0m,Experiment,Thais lapillus,density (no./0.25m^2),14,0,mussels and barnacles,%cover,3.043478,98.26087,-2.234694085,,,,-2.234694085,-0.2481874957,,Predation,Eco,waves,,,Rocky intertidal,,,,,FALSE,FALSE
Thais lapillus,1978,Menge,"Predation Intensity in a Rocky Intertidal Community. Effect of an Algal Canopy, Wave Action and Desiccation on Predator Feeding Rates",Yes,Keystone,October 1975,Little Brewster Cove No Canopy 0m,Experiment ,Thais lapillus,density (no./0.25m^2),5,0,mussels and barnacles,%cover,1.304348,98.69565,-14.93333098,,,,-14.93333098,-0.8652675147,,Predation,Eco,waves,,,Rocky intertidal,,,,,FALSE,FALSE
Thais lapillus,1978,Menge,"Predation Intensity in a Rocky Intertidal Community. Effect of an Algal Canopy, Wave Action and Desiccation on Predator Feeding Rates",Yes,Keystone,May 1975,Little Brewster Cove No Canopy 1m,Experiment,Thais lapillus,density (no./0.25m^2),43,0,mussels and barnacles,%cover,5.217391,90.43478,-0.3798449731,,,,-0.3798449731,-0.0663402665,,Predation,Eco,waves,,,Rocky intertidal,,,,,FALSE,FALSE
Thais lapillus,1978,Menge,"Predation Intensity in a Rocky Intertidal Community. Effect of an Algal Canopy, Wave Action and Desiccation on Predator Feeding Rates",Yes,Keystone,June 1975,Little Brewster Cove No Canopy 1m,Experiment ,Thais lapillus,density (no./0.25m^2),43,0,mussels and barnacles,%cover,16.95652,100,-0.1138938721,,,,-0.1138938721,-0.04126785501,,Predation,Eco,waves,,,Rocky intertidal,,,,,FALSE,FALSE
Thais lapillus,1978,Menge,"Predation Intensity in a Rocky Intertidal Community. Effect of an Algal Canopy, Wave Action and Desiccation on Predator Feeding Rates",Yes,Keystone,July 1975,Little Brewster Cove No Canopy 1m,Experiment,Thais lapillus,density (no./0.25m^2),29,0,mussels and barnacles,%cover,22.6087,99.56522,-0.1173739801,,,,-0.1173739801,-0.05111993513,,Predation,Eco,waves,,,Rocky intertidal,,,,,FALSE,FALSE
Thais lapillus,1978,Menge,"Predation Intensity in a Rocky Intertidal Community. Effect of an Algal Canopy, Wave Action and Desiccation on Predator Feeding Rates",Yes,Keystone,August 1975,Little Brewster Cove No Canopy 1m,Experiment ,Thais lapillus,density (no./0.25m^2),22,0,mussels and barnacles,%cover,72.17391,99.13043,-0.01697699853,,,,-0.01697699853,-0.01442535611,,Predation,Eco,waves,,,Rocky intertidal,,,,,FALSE,FALSE
Thais lapillus,1978,Menge,"Predation Intensity in a Rocky Intertidal Community. Effect of an Algal Canopy, Wave Action and Desiccation on Predator Feeding Rates",Yes,Keystone,September 1975,Little Brewster Cove No Canopy 1m,Experiment,Thais lapillus,density (no./0.25m^2),11,0,mussels and barnacles,%cover,47.82609,98.69565,-0.09669419881,,,,-0.09669419881,-0.06586086964,,Predation,Eco,waves,,,Rocky intertidal,,,,,FALSE,FALSE
Thais lapillus,1978,Menge,"Predation Intensity in a Rocky Intertidal Community. Effect of an Algal Canopy, Wave Action and Desiccation on Predator Feeding Rates",Yes,Keystone,October 1975,Little Brewster Cove No Canopy 1m,Experiment ,Thais lapillus,density (no./0.25m^2),7,0,mussels and barnacles,%cover,27.3913,98.69565,-0.3718821565,,,,-0.3718821565,-0.1831164897,,Predation,Eco,waves,,,Rocky intertidal,,,,,FALSE,FALSE
Thais lapillus,1978,Menge,"Predation Intensity in a Rocky Intertidal Community. Effect of an Algal Canopy, Wave Action and Desiccation on Predator Feeding Rates",Yes,Keystone,May 1975,Little Brewster Cove No Canopy 2m,Experiment,Thais lapillus,density (no./0.25m^2),111,0,mussels and barnacles,%cover,20.86957,85.65217,-0.0279654553,,,,-0.0279654553,-0.01272074273,,Predation,Eco,waves,,,Rocky intertidal,,,,,FALSE,FALSE
Thais lapillus,1978,Menge,"Predation Intensity in a Rocky Intertidal Community. Effect of an Algal Canopy, Wave Action and Desiccation on Predator Feeding Rates",Yes,Keystone,June 1975,Little Brewster Cove No Canopy 2m,Experiment ,Thais lapillus,density (no./0.25m^2),17,0,mussels and barnacles,%cover,68.69565,99.56522,-0.02643336309,,,,-0.02643336309,-0.02183100167,,Predation,Eco,waves,,,Rocky intertidal,,,,,FALSE,FALSE
Thais lapillus,1978,Menge,"Predation Intensity in a Rocky Intertidal Community. Effect of an Algal Canopy, Wave Action and Desiccation on Predator Feeding Rates",Yes,Keystone,July 1975,Little Brewster Cove No Canopy 2m,Experiment,Thais lapillus,density (no./0.25m^2),50,0,mussels and barnacles,%cover,55.21739,99.13043,-0.01590551093,,,,-0.01590551093,-0.01170317036,,Predation,Eco,waves,,,Rocky intertidal,,,,,FALSE,FALSE
Thais lapillus,1978,Menge,"Predation Intensity in a Rocky Intertidal Community. Effect of an Algal Canopy, Wave Action and Desiccation on Predator Feeding Rates",Yes,Keystone,August 1975,Little Brewster Cove No Canopy 2m,Experiment ,Thais lapillus,density (no./0.25m^2),30,0,mussels and barnacles,%cover,72.6087,98.69565,-0.01197604419,,,,-0.01197604419,-0.01023187077,,Predation,Eco,waves,,,Rocky intertidal,,,,,FALSE,FALSE
Thais lapillus,1978,Menge,"Predation Intensity in a Rocky Intertidal Community. Effect of an Algal Canopy, Wave Action and Desiccation on Predator Feeding Rates",Yes,Keystone,September 1975,Little Brewster Cove No Canopy 2m,Experiment,Thais lapillus,density (no./0.25m^2),8,0,mussels and barnacles,%cover,48.69565,98.69565,-0.12834822,,,,-0.12834822,-0.0883063961,,Predation,Eco,waves,,,Rocky intertidal,,,,,FALSE,FALSE
Thais lapillus,1978,Menge,"Predation Intensity in a Rocky Intertidal Community. Effect of an Algal Canopy, Wave Action and Desiccation on Predator Feeding Rates",Yes,Keystone,October 1975,Little Brewster Cove No Canopy 2m,Experiment ,Thais lapillus,density (no./0.25m^2),11,0,mussels and barnacles,%cover,30.43478,99.13043,-0.2051948163,,,,-0.2051948163,-0.1073500386,,Predation,Eco,waves,,,Rocky intertidal,,,,,FALSE,FALSE
Thais lapillus,1978,Menge,"Predation Intensity in a Rocky Intertidal Community. Effect of an Algal Canopy, Wave Action and Desiccation on Predator Feeding Rates",Yes,Keystone,July 1975,Little Brewster Cove Canopy 1m,Experiment,Thais lapillus,density (no./0.25m^2),29,0,mussels and barnacles,%cover,6.797386,88.88889,-0.4164456038,,,,-0.4164456038,-0.08864996677,,Predation,Eco,waves,,,Rocky intertidal,,,,,FALSE,FALSE
Thais lapillus,1978,Menge,"Predation Intensity in a Rocky Intertidal Community. Effect of an Algal Canopy, Wave Action and Desiccation on Predator Feeding Rates",Yes,Keystone,August 1975,Little Brewster Cove Canopy 1m,Experiment ,Thais lapillus,density (no./0.25m^2),22,0,mussels and barnacles,%cover,12.02614,98.30065,-0.3260870601,,,,-0.3260870601,-0.09549763752,,Predation,Eco,waves,,,Rocky intertidal,,,,,FALSE,FALSE
Thais lapillus,1978,Menge,"Predation Intensity in a Rocky Intertidal Community. Effect of an Algal Canopy, Wave Action and Desiccation on Predator Feeding Rates",Yes,Keystone,September 1975,Little Brewster Cove Canopy 1m,Experiment,Thais lapillus,density (no./0.25m^2),11,0,mussels and barnacles,%cover,12.02614,98.30065,-0.6521741201,,,,-0.6521741201,-0.190995275,,Predation,Eco,waves,,,Rocky intertidal,,,,,FALSE,FALSE
Thais lapillus,1978,Menge,"Predation Intensity in a Rocky Intertidal Community. Effect of an Algal Canopy, Wave Action and Desiccation on Predator Feeding Rates",Yes,Keystone,October 1975,Little Brewster Cove Canopy 1m,Experiment ,Thais lapillus,density (no./0.25m^2),7,0,mussels and barnacles,%cover,12.02614,98.82353,-1.031056278,,,,-1.031056278,-0.3008933029,,Predation,Eco,waves,,,Rocky intertidal,,,,,FALSE,FALSE
Thais lapillus,1978,Menge,"Predation Intensity in a Rocky Intertidal Community. Effect of an Algal Canopy, Wave Action and Desiccation on Predator Feeding Rates",Yes,Keystone,June 1975,Little Brewster Cove Canopy 2m,Experiment ,Thais lapillus,density (no./0.25m^2),17,0,mussels and barnacles,%cover,6.27451,98.30065,-0.8627450355,,,,-0.8627450355,-0.1618550144,,Predation,Eco,waves,,,Rocky intertidal,,,,,FALSE,FALSE
Thais lapillus,1978,Menge,"Predation Intensity in a Rocky Intertidal Community. Effect of an Algal Canopy, Wave Action and Desiccation on Predator Feeding Rates",Yes,Keystone,July 1975,Little Brewster Cove Canopy 2m,Experiment,Thais lapillus,density (no./0.25m^2),50,0,mussels and barnacles,%cover,6.797386,98.82353,-0.2707692163,,,,-0.2707692163,-0.05353595216,,Predation,Eco,waves,,,Rocky intertidal,,,,,FALSE,FALSE
Thais lapillus,1978,Menge,"Predation Intensity in a Rocky Intertidal Community. Effect of an Algal Canopy, Wave Action and Desiccation on Predator Feeding Rates",Yes,Keystone,August 1975,Little Brewster Cove Canopy 2m,Experiment ,Thais lapillus,density (no./0.25m^2),30,0,mussels and barnacles,%cover,7.320261,98.30065,-0.4142857247,,,,-0.4142857247,-0.08657948855,,Predation,Eco,waves,,,Rocky intertidal,,,,,FALSE,FALSE
Thais lapillus,1978,Menge,"Predation Intensity in a Rocky Intertidal Community. Effect of an Algal Canopy, Wave Action and Desiccation on Predator Feeding Rates",Yes,Keystone,September 1975,Little Brewster Cove Canopy 2m,Experiment,Thais lapillus,density (no./0.25m^2),8,0,mussels and barnacles,%cover,2.614379,98.30065,-4.574999981,,,,-4.574999981,-0.4533755058,,Predation,Eco,waves,,,Rocky intertidal,,,,,FALSE,FALSE
Thais lapillus,1978,Menge,"Predation Intensity in a Rocky Intertidal Community. Effect of an Algal Canopy, Wave Action and Desiccation on Predator Feeding Rates",Yes,Keystone,October 1975,Little Brewster Cove Canopy 2m,Experiment ,Thais lapillus,density (no./0.25m^2),11,0,mussels and barnacles,%cover,6.27451,98.82353,-1.340909055,,,,-1.340909055,-0.2506218491,,Predation,Eco,waves,,,Rocky intertidal,,,,,TRUE,FALSE
Power et al.,1989,Cantor and Whitham,Importance of belowground herbivory: pocket gophers may limit aspen to rock outcrop refugia,Yes,Keystone,1984-85,Fern Mountain,Experiment,Thomomys bottae,No. of new mounds per plot,12,3,Populus tremuloides,No. of new aspen per plot,60,146,-0.1194444444,0.196347032,,,0.07690258752,-0.0988068955,Article,consumption,Env,ground type,dispersal,density,high mountain meadow,,,"Rocky outcrops are not very suitable for gopher habitation, so gophers are rare and aspen are common.",,TRUE,TRUE
Wolve abundance,2007,Berger and Gese ,Blackwell Publishing Ltd Does interference competition with wolves limit the distribution and abundance of coyotes?,Yes,N/A,August 2001 and August 2004.,yellow stone and grand tenons national parks,Expiriment,Canis Lupus,density ( wolves km^-2),0.0648,0,Density of Cyotes,(cyotes km^-2),0.2405128,0.5028825,-16.83450994,,,,-16.83450994,-11.38245731,,,Org,,,density,Temperate zone,,,,Berger and Gese 2007.pdf,TRUE,TRUE
Wolve abundance,2008,Berger et al,"INDIRECT EFFECTS AND TRADITIONAL TROPHIC CASCADES: A TEST INVOLVING WOLVES, COYOTES, AND PRONGHORN",Yes,N/A,"September 2001 to August 2004,",yellow stone and grand tenons national parks,Expiriment,Canis Lupus,density ( wolves km^-2),0.0648,0,0bserved fawn servival,observerd individuals,0.4201353,0.1061926,11.53151081,,,,11.53151081,21.22411074,web plot organizer,,org,,,density,Temperate zone,,,,"Berger et al. 2008 (wolves, coyotes and pronghorn).pdf",TRUE,TRUE
trophic cascade wolves,2012, Ripple and Beschta ,Trophic cascades in Yellowstone: The first 15 years after wolf reintroduction,yes,N/A,1990-2010,yellow stone national park,Expiriment,Canis Lupus,number of individuals ,55,0,Elk,individuals (thousands),10,18.5,-0.01545454545,,,,-0.01545454545,-0.01118519344,web plot organizer,,Eco,,,,temperate zone,,,, Ripple and Beschta 2012.pdf,TRUE,TRUE
trophic cascade wolves,2012, Ripple and Beschta ,Trophic cascades in Yellowstone: The first 15 years after wolf reintroduction,yes,N/A,1990-2010,yellow stone national park,Expiriment,Canis Lupus,number of individuals ,55,0,Bison,bison count,"1,071.00",907.00,0.002784143961,,,,0.002784143961,0.00302192037,web plot organizer,,eco,,,,temperate zone,,,,,TRUE,TRUE
trophic cascade wolves,2012, Ripple and Beschta ,Trophic cascades in Yellowstone: The first 15 years after wolf reintroduction,yes,N/A,1990-2010,yellow stone national park,Expiriment,Canis Lupus,number of individuals ,97.07,19.414,Beavers,individual numder,9.61,2.88,0.007214506797,,,,0.007214506797,0.01551733194,web plot organizer,,eco,,,,temperate zone,,,,,TRUE,TRUE
trophic cascade wolves,2012, Ripple and Beschta ,Trophic cascades in Yellowstone: The first 15 years after wolf reintroduction,yes,N/A,1990-2010,yellow stone national park,Expiriment,Canis Lupus,number of individuals ,40.57,0,willow trees,ring area mm2,10.14,6.9,0.007875933626,,,,0.007875933626,0.009488947167,web plot organizer,,eco,,,,temperate zone,,,,,TRUE,TRUE
trophic cascade wolves,2012, Ripple and Beschta ,Trophic cascades in Yellowstone: The first 15 years after wolf reintroduction,yes,N/A,1990-2010,yellow stone national park,Expiriment,Canis Lupus,number of individuals ,40.57,0,willow ring trees ,ring area mm2,12.769,5.0718,0.01485836,,,,0.01485836,0.02275880144,web plot organizer,,eco,,,,temperate zone,,,,,TRUE,TRUE
trophic cascade wolves,2012, Ripple and Beschta ,Trophic cascades in Yellowstone: The first 15 years after wolf reintroduction,yes,N/A,1990-2010,yellow stone national park,Expiriment,Canis Lupus,number of individuals ,97.07,36.02,cottonwood trees , number of trees 5cm DBH,-2.22,13.7,0.07387628692,,,,0.07387628692,#NUM!,web plot organizer,,eco,,,,temperate zone,,,,,TRUE,TRUE
trophic cascade wolves,2005,White and Garrott,Northern Yellowstone Elk after Wolf Restoration,yes,N/A,1995-2004,"yellow stone nationa park & the Gallatin National Forest, ",Expiriment,Canis Lupus,Wolves count,66.14,0, elk ,elk count,11562.29,15304.5,-0.004893505789,,,,-0.004893505789,-0.004239461178,article,,org,,,density,temperate zone,"1,530 km2",,1996 and 1997 exscluded from data as there where no records wolve densities indicated in article,White and Garrott 2005.pdf,TRUE,TRUE
trophic cascade wolves,2016,Beschta and Ripple 2016,Riparian vegetation recovery in Yellowstone: The first two decades after wolf reintroduction,yes,N/A,1992-2012,Northern yellowstone ,meta analysis,Canis Lupus,number of individuals ,50.08,0,willow  ,willow ring area mm2,13.007,6.446,0.01007229825,,,,,0.01401812881,web plot organizer,,,,,,temperate zone,,,first tow years after wolf reintroduction data is exscluded allowing for stabilisation of the reintroduced wolf population,Beschta and Ripple 2016.pdf,TRUE,TRUE
trophic cascade wolves,2016,Beschta and Ripple 2016,Riparian vegetation recovery in Yellowstone: The first two decades after wolf reintroduction,yes,N/A,1992-2012,Northern yellowstone ,meta analysis,Canis Lupus,number of individuals ,99,36.26,willow ,willow hight cm,165.06,36.71,0.00785450531,,,,,,,,, ,,,temperate zone,,,,,TRUE,TRUE
trophic cascade wolves,2016,Beschta and Ripple 2016,Riparian vegetation recovery in Yellowstone: The first two decades after wolf reintroduction,yes,N/A,1992-2012,Northern yellowstone ,meta analysis,Canis Lupus,number of individuals ,99,20,willow,willow establishment,9.465,1.342,0.008668833075,,,,,,,,,,,,temperate zone,,,,,TRUE,TRUE
trophic cascade wolves,2016,Beschta and Ripple 2016,Riparian vegetation recovery in Yellowstone: The first two decades after wolf reintroduction,yes,N/A,1992-2012,Northern yellowstone ,meta analysis,Canis Lupus,number of individuals ,99,20,Aspen,aspen hight,93.73,148.7,-0.00592395738,,,,,,,,,,,,,,,,,TRUE,TRUE
trophic cascade wolves,2016,Beschta and Ripple 2016,Riparian vegetation recovery in Yellowstone: The first two decades after wolf reintroduction,yes,N/A,1992-2012,Northern yellowstone ,meta analysis,Canis Lupus,number of individuals ,67.11,0,Thinleafed Alder Trees ,stem establishment,33,0,0.01490090896,,,,,,,,,,,,,,,,,TRUE,TRUE
largemouth bass abundance,1997,Post et al. 1997,Seasonal Effects of Variable Recrutment of a Dominant Piscivore on Pelagic Food Web Structure,yes,,1984-1994,"Paul lake, Michigan ",exsperament,Micropterus salmoides,biomass(kg)LMB,23.39,38.06,cladocerine length ,(mm),0.9934,0.8099,,,,,,,,,,,,,,,,,,TRUE,TRUE
largemouth bass abundance,1997,Post et al. 1997,Seasonal Effects of Variable Recrutment of a Dominant Piscivore on Pelagic Food Web Structure,yes,,1984-1994,"Paul lake, Michigan ",exsperament,Micropterus salmoides,biomass(kg)LMB,23.39,38.06,total biomass clabocerine,biomass (μg liter -1),33.94,45.25,,,,,,,,,,,,,,,,,,TRUE,TRUE
largemouth bass abundance,1997,Post et al. 1997,Seasonal Effects of Variable Recrutment of a Dominant Piscivore on Pelagic Food Web Structure,yes,,1984-1994,"Paul lake, Michigan ",exsperament,Micropterus salmoides,biomass(kg)LMB,23.39,38.06,chloraphi A counts ,<35μm,1.82,2.476,,,,,,,,,,,,,,,,,,TRUE,TRUE
,,,,,,,,,,,,,,,,,,,,,,,,,,,,,,,,,,FALSE,FALSE